,==============================,,,,,,,
,SCAN COMPLETE. SUMMARY:,,,,,,,
,==============================,,,,,,,
,Total Papers Scanned: 395,,,,,,,
,Temp Reported:      384 (97.2%),,,,,,,
,Time Reported:      361 (91.4%),,,,,,,
,Cooling Info:       40 (10.1%),,,,,,,
,Cooling Data:       6 (1.5%),,,,,,,
,S(e) Pressure (Explicit):91 (23.0%),,,,,,,
,SnS(e) Pressure (Explicit):9 (2.3%),,,,,,,
,Pressure (Calc.):   280 (70.9%),,,,,,,
,==============================,,,,,,,
,,,,,,,,
Filename,Has_Temperature,Has_Time,Has_Cooling_Info,Has_Cooling_Data,Has_S(e)_Pressure_Explicit,Has_SnS(e)_Pressure_Explicit,Has_Pressure_Calculable,Synthesis_Method_Hint
8-Efficiency-Cu2ZnSnSSe4-CZTSSe-Thin-Film-Solar-Cells-on-Flexible-and-Lightweight-Molybdenum-Foil-Substrates_2019_American-Chemical-Society-serviceacsorg.pdf,TRUE,TRUE,FALSE,FALSE,TRUE,FALSE,TRUE,Sputtering
A-chemical-deposition-process-for-lowcost-CZTS-solar-cell-on-flexible-substrates_2017_Taylor-and-Francis-Ltd-maneymaneycouk.pdf,TRUE,TRUE,FALSE,FALSE,FALSE,FALSE,FALSE,Sputtering
A-green-and-lowcost-synthetic-approach-based-on-deep-eutectic-cholineurea-solvent-toward-synthesis-of-CZTS-thin-films_2019_Institute-for-Ionics-wwtfunikielde.pdf,TRUE,TRUE,FALSE,FALSE,FALSE,FALSE,TRUE,Sputtering
A-lowcost-ligand-exchangefree-strategy-to-synthesize-largegrained-Cu2ZnSnS4-thinfilms-without-a-finegrain-underlayer-from-nanocrystals_2015_Royal-Society-of-Chemistry.pdf,TRUE,TRUE,TRUE,FALSE,FALSE,FALSE,TRUE,Solution
A-method-to-improve-crystal-quality-of-CZTSSe-absorber-layer_2018_Springer-New-York-LLC-barbarabbertramgskcom.pdf,TRUE,TRUE,FALSE,FALSE,TRUE,FALSE,TRUE,Sputtering
A-new-approach-for-alkali-incorporation-in-Cu2ZnSnS4-solar-cells_2022_Institute-of-Physics.pdf,TRUE,TRUE,FALSE,FALSE,FALSE,FALSE,TRUE,Sputtering
A-nontoxic-solvent-based-solgel-Cu2ZnSnS4-thin-film-for-high-efficiency-and-scalable-lowcost-photovoltaic-cells_2015_Royal-Society-of-Chemistry.pdf,TRUE,TRUE,FALSE,FALSE,TRUE,TRUE,TRUE,Solution
A-robust-approach-to-fabricate-CZTSSe-absorber-layer-for-solar-cells-via-a-selfselenizations-process-conducted-by-concentrated-selenium-solution_2018_Institute-of-Physics-Publishing-helencravenioporg.pdf,TRUE,TRUE,FALSE,FALSE,FALSE,FALSE,TRUE,Sputtering
A-versatile-solution-route-to-efficient-Cu-2-ZnSnSSe-4-thinfilm-solar-cells_2015_American-Chemical-Society-serviceacsorg.pdf,TRUE,TRUE,FALSE,FALSE,FALSE,FALSE,TRUE,Sputtering
A-versatile-strategy-for-fabricating-various-Cu2ZnSnS4-precursor-solutions_2017_Royal-Society-of-Chemistry.pdf,TRUE,TRUE,FALSE,FALSE,FALSE,FALSE,TRUE,Sputtering
Achieving-1195-efficient-Cu2ZnSnSe4-solar-cells-fabricated-by-sputtering-a-CuZnSnSe-quaternary-compound-target-with-a-selenization-process_2019_Royal-Society-of-Chemistry.pdf,TRUE,TRUE,FALSE,FALSE,FALSE,FALSE,FALSE,Sputtering
Admix-of-Cu-2-ZnSnS-4-and-ZnS-as-thin-film-to-absorb-visible-light_2019_Springer-New-York-LLC-barbarabbertramgskcom.pdf,TRUE,TRUE,FALSE,FALSE,FALSE,FALSE,FALSE,Sputtering
Advances-in-the-onestep-synthesis-of-2D-and-3D-sulfide-materials-grown-by-pulsed-laser-deposition-assisted-by-a-sulfur-thermal-cracker_2023_Springer-Science-and-Business-Media-Deutschland-GmbH.pdf,TRUE,TRUE,FALSE,FALSE,TRUE,FALSE,FALSE,Sputtering
Aging-Precursor-Solution-in-High-Humidity-Remarkably-Promoted-Grain-Growth-in-Cu2ZnSnS4-Films_2016_American-Chemical-Society-serviceacsorg.pdf,TRUE,TRUE,TRUE,FALSE,TRUE,TRUE,TRUE,Solution
AmbientAir-Sulfurization-Process-for-Cu2ZnSnS4-Thin-Film-Solar-Cells-SelfCreating-Inert-Atmosphere-Using-Sulfur-Vapor_2019_American-Chemical-Society-serviceacsorg.pdf,TRUE,TRUE,FALSE,FALSE,TRUE,FALSE,TRUE,Sputtering
Analysis-of-the-Improvement-of-Photoelectrical-Properties-of-Cu2ZnSnS-Se4-Thin-Film-and-Solar-Cells-Via-Cation-Doping_2024_Korea-Federation-of-Science-and-Technology.pdf,TRUE,FALSE,FALSE,FALSE,FALSE,FALSE,FALSE,Sputtering
Annealing-Induced-Shape-Transformation-of-CZTS-Nanorods-Based-Thin-Films_2017_American-Chemical-Society-serviceacsorg.pdf,TRUE,TRUE,FALSE,FALSE,FALSE,FALSE,FALSE,Sputtering
Application-of-Taguchi-method-to-optimize-the-solgel-dipcoating-process-of-the-semiconductor-Cu2ZnSnS4-with-good-optical-properties_2019_Springer-New-York-LLC-barbarabbertramgskcom.pdf,TRUE,TRUE,FALSE,FALSE,FALSE,FALSE,TRUE,Sputtering
Atmospheric-Modified-ThiolBased-Solution-Deposition-for-Cu2ZnSnSSe4-Absorber-Layer_2020_Springer.pdf,TRUE,TRUE,FALSE,FALSE,FALSE,FALSE,TRUE,Solution
Atomic-layer-deposition-of-the-quaternary-chalcogenide-Cu2ZnSnS4_2012_American-Chemical-Society-serviceacsorg.pdf,TRUE,TRUE,FALSE,FALSE,FALSE,FALSE,TRUE,Evaporation
Autodecomposition-Approach-for-the-LowTemperature-Mesostructuring-of-Nanocrystal-Semiconductor-Electrodes_2015_American-Chemical-Society-serviceacsorg.pdf,TRUE,TRUE,FALSE,FALSE,FALSE,FALSE,TRUE,Solution
Back-contact-nature-effect-on-the-CZTSZnSbased-heterojunction_2022_Springer-Science-and-Business-Media-Deutschland-GmbH.pdf,TRUE,TRUE,FALSE,FALSE,FALSE,FALSE,TRUE,Sputtering
BaCu2SnSSe4-Earthabundant-chalcogenides-for-thinfilm-photovoltaics_2016_American-Chemical-Society-serviceacsorg.pdf,TRUE,TRUE,FALSE,FALSE,FALSE,FALSE,TRUE,Sputtering
Band-Tail-Engineering-in-Kesterite-Cu2ZnSnSSe4-ThinFilm-Solar-Cells-with-118-Efficiency_2018_American-Chemical-Society-serviceacsorg.pdf,TRUE,TRUE,FALSE,FALSE,TRUE,FALSE,TRUE,Sputtering
Barium-Substitution-in-Kesterite-Cu2ZnSnS4-Cu2Zn1xBaxSnS4Quinary-Alloy-Thin-Films-for-Efficient-Solar-Energy-Harvesting_2020_American-Chemical-Society-serviceacsorg.pdf,TRUE,TRUE,TRUE,FALSE,FALSE,FALSE,TRUE,Solution
Blueshift-in-optical-bandgap-of-sprayed-nanocrystalline-Cu2ZnSnS4-thin-films-induced-by-200MeV-Xe-swift-heavy-ions-irradiation_2021_Springer.pdf,TRUE,TRUE,TRUE,FALSE,FALSE,FALSE,FALSE,Sputtering
Carbon-concentration-dependent-grain-growth-of-Cu2ZnSnS4-thin-films_2015_Royal-Society-of-Chemistry.pdf,TRUE,TRUE,FALSE,FALSE,TRUE,FALSE,TRUE,Sputtering
Carbonfree-Cu2ZnSnSSe4-film-prepared-via-a-nonhydrazine-route_2014_Science-in-China-Press-csbscichinacom.pdf,TRUE,TRUE,FALSE,FALSE,FALSE,FALSE,TRUE,Sputtering
Catalytic-activity-enhancement-of-Cu2ZnSnS4-due-to-composite-of-Co9S8-as-counter-electrode-for-dyesensitized-solar-cells_2022_Springer-Nature.pdf,TRUE,TRUE,FALSE,FALSE,FALSE,FALSE,TRUE,Sputtering
CdSZnS-Bilayer-Thin-Films-Used-As-Buffer-Layer-in-10Efficient-Cu2ZnSnSe4Solar-Cells_2020_American-Chemical-Society-serviceacsorg.pdf,TRUE,TRUE,FALSE,FALSE,FALSE,FALSE,TRUE,Sputtering
Characterisation-and-properties-of-Cu2ZnSnS4-thin-films-synthesised-by-sputtering-from-an-alloy-target_2017_Taylor-and-Francis-Ltd-michaelwagreichunivieacat.pdf,TRUE,TRUE,FALSE,FALSE,TRUE,FALSE,FALSE,Sputtering
Characteristics-of-Cu-2ZnSnS4-Thin-Films-Fabricated-by-Sulfurization-of-Two-Stacked-Metallic-Layers_2014_Taylor-and-Francis-Inc-325-Chestnut-St-Suite-800-Philadelphia-PA-19106.pdf,TRUE,TRUE,FALSE,FALSE,TRUE,FALSE,TRUE,Sputtering
Characteristics-of-Cu2ZnSnS1xSex4-thin-films-crystallized-with-various-sulfur-and-selenium-vapor-sources_2015_Taylor-and-Francis-Inc-325-Chestnut-St-Suite-800-Philadelphia-PA-19106.pdf,TRUE,TRUE,FALSE,FALSE,TRUE,FALSE,FALSE,Sputtering
Characteristics-of-kesterite-CZTS-thin-films-deposited-by-dipcoating-technique-for-solar-cells-applications_2019_Springer-New-York-LLC-barbarabbertramgskcom.pdf,TRUE,TRUE,FALSE,FALSE,FALSE,FALSE,FALSE,Sputtering
Characterization-of-Cu2SnS3-polymorphism-and-its-impact-on-optoelectronic-properties_2017_Royal-Society-of-Chemistry.pdf,TRUE,TRUE,FALSE,FALSE,TRUE,FALSE,FALSE,Sputtering
Characterization-of-Cu2ZnSnS4-thin-films-on-flexible-metal-foil-substrates_2015_Springer-Science-and-Business-Media-LLC.pdf,TRUE,TRUE,FALSE,FALSE,FALSE,FALSE,TRUE,Sputtering
Characterization-of-thin-films-AlpCu2ZnSnS4-CZTSMo-Schottky-diode-the-effect-of-CZTS-thin-film-thickness_2024_Springer.pdf,FALSE,FALSE,FALSE,FALSE,FALSE,FALSE,FALSE,Sputtering
Chemical-Synthesis-and-Characterization-Study-of-Nanocrystalline-and-Coral-RockLike-Kasterite-Cu2ZnSnS4-CZTS-Thin-Films_2024_Iran-University-of-Science-and-Technology.pdf,TRUE,TRUE,FALSE,FALSE,FALSE,FALSE,FALSE,Sputtering
Chemically-Deposited-CdS-BufferKesterite-Cu2ZnSnS4-Solar-Cells-Relationship-between-CdS-Thickness-and-Device-Performance_2017_American-Chemical-Society-serviceacsorg.pdf,TRUE,TRUE,FALSE,TRUE,FALSE,FALSE,FALSE,Sputtering
Chemistry-and-Dynamics-of-Ge-in-Kesterite-Toward-BandGapGraded-Absorbers_2017_American-Chemical-Society-serviceacsorg.pdf,TRUE,TRUE,FALSE,FALSE,TRUE,FALSE,TRUE,Sputtering
Coelectrodeposited-Cu2ZnSnS4-thinfilm-solar-cells-with-over-7-efficiency-fabricated-via-finetuning-of-the-Zn-content-in-absorber-layers_2016_Royal-Society-of-Chemistry.pdf,TRUE,TRUE,FALSE,FALSE,FALSE,FALSE,TRUE,Sputtering
Coelectroplated-kesterite-bifacial-thinfilm-solar-cells-A-study-of-sulfurization-temperature_2015_American-Chemical-Society-serviceacsorg.pdf,TRUE,TRUE,FALSE,FALSE,FALSE,FALSE,TRUE,Sputtering
Combinatorial-Reactive-Sputtering-of-In2S3-as-an-Alternative-Contact-Layer-for-Thin-Film-Solar-Cells_2016_American-Chemical-Society-serviceacsorg.pdf,TRUE,FALSE,FALSE,FALSE,TRUE,FALSE,TRUE,Sputtering
Comparative-study-of-the-structural-and-optical-properties-of-Cu2SnX3-and-Cu2ZnSnX4-XS-Se-thin-films-and-optoelectronic-devices_2016_Institute-of-Physics-Publishing-helencravenioporg.pdf,TRUE,TRUE,FALSE,FALSE,FALSE,FALSE,FALSE,Sputtering
Composition-control-in-Cu2ZnSnS4-thin-films-by-a-solgel-technique-without-sulfurization_2014_Springer-New-York-LLC-journalsspringersbmcom.pdf,TRUE,TRUE,FALSE,FALSE,FALSE,FALSE,FALSE,Solution
Comprehensive-physicochemical-and-photovoltaic-analysis-of-different-Zn-substitutes-Mn-Mg-Fe-Ni-Co-Ba-Sr-in-CZTSinspired-thin-film-solar-cells_2022_Royal-Society-of-Chemistry.pdf,TRUE,TRUE,FALSE,FALSE,FALSE,FALSE,TRUE,Sputtering
Constructing-of-Novel-Cu2AlSnS4-CATS-Compound-Synthesis-Chracterization-and-Photocatalytic-Activities-Approach_2023_Springer.pdf,TRUE,TRUE,FALSE,FALSE,TRUE,FALSE,TRUE,Sputtering
Controlled-Li-Alloying-by-Postsynthesis-Electrochemical-Treatment-of-Cu2ZnSnS-Se4-Absorbers-for-Solar-Cells_2023_American-Chemical-Society.pdf,TRUE,TRUE,FALSE,FALSE,TRUE,FALSE,FALSE,Sputtering
Controlling-Morphology-in-Polycrystalline-Films-by-Nucleation-and-Growth-from-Metastable-Nanocrystals_2018_American-Chemical-Society-serviceacsorg.pdf,TRUE,TRUE,FALSE,FALSE,FALSE,FALSE,FALSE,Unknown
Controlling-SolidGas-Reactions-at-Nanoscale-for-Enhanced-Thin-Film-Morphologies-and-Device-Performances-in-SolutionProcessed-Cu2ZnSnSSe4-Solar-Cells_2015_American-Chemical-Society-serviceacsorg.pdf,TRUE,TRUE,TRUE,FALSE,FALSE,FALSE,TRUE,Sputtering
Copper-concentration-effect-on-physical-properties-of-ultrasonically-sprayed-Cu2ZnSnS4-absorber-thin-films-for-solar-cell-applications_2021_Springer-Science-and-Business-Media-Deutschland-GmbH.pdf,TRUE,TRUE,FALSE,FALSE,FALSE,FALSE,TRUE,Sputtering
Copper-Zinc-Tin-Sulfide-Anode-Materials-for-LithiumIon-Batteries-at-Low-Temperature_2021_American-Chemical-Society.pdf,TRUE,TRUE,FALSE,FALSE,FALSE,FALSE,TRUE,Sputtering
CopperZincTinSulfide-Thin-Films-via-Annealing-of-Ultrasonic-Spray-Deposited-Nanocrystal-Coatings_2017_American-Chemical-Society-serviceacsorg.pdf,TRUE,TRUE,FALSE,FALSE,TRUE,FALSE,TRUE,Sputtering
CopperZincTinSulfur-thin-film-using-spincoating-technology_2016_MDPI-AG-Postfach-Basel-CH4005.pdf,TRUE,TRUE,FALSE,FALSE,FALSE,FALSE,TRUE,Sputtering
Coprecipitation-Synthesis-with-a-Variation-of-the-Sulphur-Composition-of-Kesterite-Phase-Cu2ZnSnS4-CZSS-without-Annealing-Process_2021_Penerbit-Universiti-Sains-Malaysia.pdf,TRUE,TRUE,FALSE,FALSE,FALSE,FALSE,FALSE,Solution
Correlating-Molecular-Precursor-Interactions-with-Device-Performance-in-SolutionProcessed-Cu2ZnSnSSe4-ThinFilm-Solar-Cells_2024_American-Chemical-Society.pdf,TRUE,TRUE,FALSE,FALSE,TRUE,FALSE,TRUE,Sputtering
CostEffective-Electrophoretic-Deposition-of-Cu2ZnSnS4-Nanocrystals-for-Photovoltaic-Films_2016_Electrochemical-Society-Inc-ecselectrochemorg.pdf,TRUE,TRUE,FALSE,FALSE,TRUE,FALSE,TRUE,Evaporation
Critical-Influence-of-Annealing-Configuration-in-Kesterite-Phase-Evolution-During-Growth-of-Cu2ZnSnS4-Thin-Films-from-NonToxic-EnvironmentFriendly-Solutions_2021_Springer.pdf,TRUE,TRUE,TRUE,TRUE,TRUE,FALSE,TRUE,Unknown
Crystallite-size-and-intrinsic-strain-contribution-in-band-gap-energy-redshift-of-ultrasonicsprayed-kesterite-CZTS-nanostructured-thin-films_2020_Springer.pdf,TRUE,TRUE,FALSE,FALSE,FALSE,FALSE,FALSE,Sputtering
Crystallization-behaviour-of-cosputtered-Cu2ZnSnS4-precursor-prepared-by-sequential-sulfurization-processes_2013_.pdf,TRUE,TRUE,FALSE,FALSE,FALSE,FALSE,TRUE,Sputtering
Cu-2ZnSnS-4-thin-films-prepared-with-a-Jouleheated-graphite-closedspace-sulfurization-system_2019_Springer-Verlag-servicespringerde.pdf,TRUE,TRUE,FALSE,FALSE,TRUE,FALSE,FALSE,Sputtering
Cu2ZnGeS4-nanocrystals-from-airstable-precursors-for-sintered-thin-film-alloys_2014_American-Chemical-Society-serviceacsorg.pdf,TRUE,TRUE,FALSE,FALSE,FALSE,FALSE,TRUE,Solution
Cu2ZnGeS4-thin-films-deposited-by-thermal-evaporation-The-impact-of-Ge-concentration-on-physical-properties_2018_Institute-of-Physics-Publishing-helencravenioporg.pdf,TRUE,TRUE,FALSE,FALSE,FALSE,FALSE,TRUE,Sputtering
Cu2ZnSnS4-films-by-paste-coating-and-their-optoelectronic-properties_2013_.pdf,TRUE,TRUE,FALSE,FALSE,FALSE,FALSE,TRUE,Sputtering
Cu2ZnSnS4-thin-film-solar-cell-fabricated-by-coelectrodeposited-metallic-precursor_2015_Springer-Science-and-Business-Media-LLC.pdf,TRUE,TRUE,FALSE,FALSE,TRUE,FALSE,TRUE,Sputtering
Cu2ZnSnS4-thin-film-solar-cells-from-coated-nanocrystals-ink_2015_Springer-Science-and-Business-Media-LLC.pdf,TRUE,TRUE,TRUE,FALSE,FALSE,FALSE,TRUE,Sputtering
Cu2ZnSnS4-thin-film-solar-cells-with-58-conversion-efficiency-obtained-by-a-facile-spray-pyrolysis-technique_2015_Royal-Society-of-Chemistry.pdf,TRUE,TRUE,FALSE,FALSE,FALSE,FALSE,TRUE,Sputtering
Cu2ZnSnS4-thin-films-prepared-by-sulfurization-of-coelectrodeposited-metallic-precursors_2017_Springer-Netherlands.pdf,TRUE,TRUE,FALSE,FALSE,FALSE,FALSE,TRUE,Sputtering
Cu2ZnSnS4-thin-films-Spin-coating-synthesis-and-photoelectrochemistry_2014_Royal-Society-of-Chemistry.pdf,TRUE,TRUE,FALSE,FALSE,FALSE,FALSE,FALSE,Sputtering
Cu2ZnSnS4thin-film-as-a-counter-electrode-in-zinc-stannatebased-dyesensitized-solar-cells_2021_IOP-Publishing-Ltd.pdf,TRUE,TRUE,FALSE,FALSE,FALSE,FALSE,FALSE,Sputtering
Cu2ZnSnSe4-Thin-Film-Solar-Cell-with-Depth-Gradient-Composition-Prepared-by-Selenization-of-Sputtered-Novel-Precursors_2017_American-Chemical-Society-serviceacsorg.pdf,TRUE,TRUE,TRUE,FALSE,FALSE,FALSE,TRUE,Sputtering
Cu2ZnSnSSe4-absorber-layer-formation-and-characterization-using-solution-dip-coating-and-selenization-method_2019_Institute-of-Physics-Publishing-helencravenioporg.pdf,TRUE,TRUE,TRUE,FALSE,FALSE,FALSE,FALSE,Solution
Cu2ZnSnSSe4-thinfilms-prepared-from-selenized-nanocrystals-ink_2019_Royal-Society-of-Chemistry.pdf,TRUE,TRUE,FALSE,FALSE,FALSE,FALSE,TRUE,Sputtering
Currentvoltage-characteristics-of-Cu2ZnSnS4-absorber-layer-for-energy-harvesting-devices_2019_Institute-of-Physics.pdf,TRUE,TRUE,FALSE,FALSE,FALSE,FALSE,TRUE,Evaporation
CZTS-absorber-thin-films-by-spray-pyrolysis-process_2022_Institute-for-Ionics.pdf,TRUE,TRUE,FALSE,FALSE,FALSE,FALSE,FALSE,Sputtering
CZTS-counter-electrode-in-dyesensitized-solar-cell-enhancement-in-photo-conversion-efficiency-with-morphology-of-TiO2-nanostructured-thin-films_2020_Springer.pdf,TRUE,TRUE,FALSE,FALSE,FALSE,FALSE,TRUE,Sputtering
CZTS-films-from-three-different-routes-Crystallite-sizedependent-properties_2019_Institute-of-Physics-Publishing-helencravenioporg.pdf,TRUE,TRUE,FALSE,FALSE,FALSE,FALSE,TRUE,Solution
CZTSCdS-interface-properties-and-band-alignment-study-towards-photovoltaic-applications_2018_Springer-New-York-LLC-barbarabbertramgskcom.pdf,TRUE,TRUE,FALSE,FALSE,TRUE,FALSE,TRUE,Sputtering
CZTSe-thin-film-growth-via-a-coevaporation-process-using-a-ZnSe-effusion-source_2012_.pdf,TRUE,FALSE,FALSE,FALSE,FALSE,FALSE,FALSE,Sputtering
CZTSSe-thin-films-fabricated-by-single-step-deposition-for-superstrate-solar-cell-applications_2019_Springer-New-York-LLC-barbarabbertramgskcom.pdf,TRUE,TRUE,FALSE,FALSE,FALSE,FALSE,FALSE,Sputtering
Deposition-and-characterization-of-Cu2ZnSnS4-thin-films-for-photovoltaic-applications_2016_Springer-New-York-LLC-barbarabbertramgskcom.pdf,TRUE,TRUE,TRUE,FALSE,FALSE,FALSE,TRUE,Sputtering
Deposition-and-Characterization-of-Si-Substituted-Cu2ZnSnS4-Thin-Films_2023_Springer-Science-and-Business-Media-BV.pdf,TRUE,TRUE,FALSE,FALSE,FALSE,FALSE,TRUE,Sputtering
Deposition-of-nanocrystalline-Cu2ZnSnS4-thin-film-in-one-step-without-sulfurization-Future-prospects_2024_Springer-Nature.pdf,TRUE,FALSE,FALSE,FALSE,FALSE,FALSE,FALSE,Sputtering
Determination-of-electrical-parameters-of-ITOCZTSCdSAg-and-ITOCdSCZTSAg-heterojunction-diodes-in-dark-and-illumination-conditions_2019_Springer-New-York-LLC-barbarabbertramgskcom.pdf,TRUE,TRUE,FALSE,FALSE,TRUE,FALSE,TRUE,Sputtering
Development-of-dipcoated-Cu2ZnSnS4-absorber-material-without-sulphurisation_2021_Springer.pdf,TRUE,TRUE,FALSE,FALSE,FALSE,FALSE,FALSE,Sputtering
Direct-growth-of-Cu2ZnSnS4-on-threedimensional-porous-reduced-graphene-oxide-thin-films-as-counter-electrode-with-high-conductivity-and-excellent-catalytic-activity-for-dyesensitized-solar-cells_2018_Springer-Ne.pdf,TRUE,TRUE,FALSE,FALSE,FALSE,FALSE,TRUE,Solution
Dynamic-interplay-of-alkali-cations-and-a-natural-organic-binder-in-the-microstructural-evolution-of-Cu2ZnSnS4-thin-films-prepared-from-Cu2ZnSnS4-powdercontaining-inks_2019_Royal-Society-of-Chemistry.pdf,TRUE,TRUE,TRUE,FALSE,FALSE,FALSE,TRUE,Solution
Earth-abundant-element-Cu2ZnSn1xGexS4-nanocrystals-for-tunable-band-gap-solar-cells-68-Efficient-device-fabrication_2011_.pdf,TRUE,TRUE,FALSE,FALSE,FALSE,FALSE,TRUE,Unknown
Ecodesign-of-Kesterite-Nanoparticles-for-Thin-Film-Photovoltaics-at-Laboratory-Scale_2024_American-Chemical-Society.pdf,TRUE,TRUE,FALSE,FALSE,FALSE,FALSE,TRUE,Evaporation
Ecofriendly-and-nontoxic-thin-film-solar-cell-employing-spray-pyrolysed-pCZTS-and-nSnSCua-novel-approach_2018_Springer-New-York-LLC-barbarabbertramgskcom.pdf,TRUE,TRUE,FALSE,FALSE,FALSE,FALSE,TRUE,Sputtering
Effect-of-Annealing-Temperature-on-Morphology-and-Optoelectronics-Properties-of-SpinCoated-CZTS-Thin-Films_2021_Springer.pdf,TRUE,TRUE,FALSE,FALSE,FALSE,FALSE,TRUE,Sputtering
Effect-of-annealing-under-different-atmospheres-of-CZTS-thin-films-as-absorber-layer-for-solar-cell-application_2020_Springer-Nature.pdf,TRUE,TRUE,FALSE,FALSE,FALSE,FALSE,TRUE,Sputtering
Effect-of-copper-concentration-on-physical-properties-of-CZTS-thin-films-deposited-by-dipcoating-technique_2019_Springer-Verlag-servicespringerde.pdf,TRUE,TRUE,FALSE,FALSE,FALSE,FALSE,TRUE,Sputtering
Effect-of-CZTSCCZTS-Stacked-Structures-Prepared-through-SplitCycle-on-the-Performance-of-Flexible-Solar-Cells_2022_American-Chemical-Society.pdf,TRUE,TRUE,FALSE,FALSE,FALSE,FALSE,TRUE,Sputtering
Effect-of-film-thickness-on-structural-morphological-and-optical-properties-of-Cu2ZnSnS4-thin-films-prepared-by-solgel-spin-coating_2019_Springer-Verlag.pdf,TRUE,TRUE,FALSE,FALSE,FALSE,FALSE,TRUE,Sputtering
Effect-of-growth-temperature-on-the-physical-properties-of-kesterite-Cu2ZnSnS4-CZTS-thin-films_2025_Discover.pdf,TRUE,TRUE,FALSE,FALSE,FALSE,FALSE,FALSE,Sputtering
Effect-of-predeposition-annealing-on-physical-properties-of-CZTSSe-thin-films-deposed-by-RFsputtering-based-on-nanoparticles-synthesized-by-solvothermal-technique_2022_Springer.pdf,TRUE,TRUE,FALSE,FALSE,FALSE,FALSE,FALSE,Sputtering
Effect-of-preheating-and-annealing-temperature-on-the-microstructure-and-optoelectronic-properties-of-CZTS-films-prepared-by-solgel-method_2023_Springer-Verlag.pdf,TRUE,TRUE,FALSE,FALSE,FALSE,FALSE,TRUE,Sputtering
Effect-of-salt-source-on-the-properties-of-CZTS-thin-films-prepared-via-spray-pyrolysis_2025_Springer.pdf,TRUE,TRUE,FALSE,FALSE,TRUE,FALSE,TRUE,Sputtering
Effect-of-selenium-partial-pressure-on-the-performance-of-Cu2ZnSnS-Se4-solar-cells_2020_Springer.pdf,TRUE,TRUE,FALSE,FALSE,TRUE,FALSE,TRUE,Sputtering
Effect-of-Sn-content-in-a-CuSnZn-metal-precursor-on-formation-of-MoSe2-film-during-selenization-in-SeSnSe-vapor_2016_MDPI-AG-Postfach-Basel-CH4005.pdf,TRUE,TRUE,FALSE,FALSE,TRUE,FALSE,TRUE,Sputtering
Effect-of-sodium-chloride-NaCl-as-crystallization-catalyst-on-Cu2ZnSnS4-CZTS-films-deposited-by-wetsolution-coating-method_2014_Taylor-and-Francis-Inc-325-Chestnut-St-Suite-800-Philadelphia-PA-19106.pdf,TRUE,TRUE,FALSE,FALSE,FALSE,FALSE,FALSE,Unknown
Effect-of-solidH2S-gas-reactions-on-CZTSSe-thin-film-growth-and-photovoltaic-properties-of-a-1262-efficiency-device_2019_Royal-Society-of-Chemistry.pdf,TRUE,TRUE,FALSE,FALSE,TRUE,FALSE,TRUE,Sputtering
Effect-of-solution-concentration-on-the-properties-of-Cu2ZnSnS4-nanocrystalline-thin-films-prepared-by-microwave-irradiation_2017_Springer-New-York-LLC-barbarabbertramgskcom.pdf,TRUE,TRUE,FALSE,FALSE,FALSE,FALSE,TRUE,Sputtering
Effect-of-spray-volume-on-the-properties-of-Cu2ZnSnS4-absorber-thin-film-fabricated-through-nebulizer-assisted-spray-pyrolysis-technique_2019_Institute-of-Physics-Publishing-helencravenioporg.pdf,TRUE,TRUE,FALSE,FALSE,TRUE,FALSE,FALSE,Sputtering
Effect-of-sulfur-and-copper-amounts-in-solgel-precursor-solution-on-the-growth-crystal-properties-and-optical-properties-of-Cu2ZnSnS-4-films_2013_.pdf,TRUE,TRUE,FALSE,FALSE,FALSE,FALSE,TRUE,Sputtering
Effect-of-sulfur-quantity-in-posttreatment-on-physicals-and-electrical-properties-of-electrodeposited-Kesterite-Cu2ZnSnS4-thin-films_2018_Springer-New-York-LLC-barbarabbertramgskcom.pdf,TRUE,TRUE,FALSE,FALSE,FALSE,FALSE,TRUE,Sputtering
Effect-of-sulfurization-temperature-on-the-property-of-Cu2ZnSnS4-thin-film-by-ecofriendly-nanoparticle-ink-method_2017_Springer-Verlag-servicespringerde.pdf,TRUE,TRUE,FALSE,FALSE,FALSE,FALSE,TRUE,Sputtering
Effect-of-sulfurization-time-on-properties-of-Cu2ZnSnS4-thin-films-obtained-by-solgel-deposited-precursors_2016_Springer-New-York-LLC-barbarabbertramgskcom.pdf,TRUE,TRUE,FALSE,FALSE,FALSE,FALSE,FALSE,Sputtering
Effect-of-the-annealing-and-the-spraying-time-on-the-properties-of-CZTS-thin-films-prepared-by-the-Spray-sandwich-technique_2017_Springer-Verlag-servicespringerde.pdf,TRUE,TRUE,FALSE,FALSE,TRUE,FALSE,TRUE,Sputtering
Effect-of-the-intermediate-sulfide-layer-on-the-Cu2ZnSnS4based-solar-cells_2017_Springer-New-York-LLC-barbarabbertramgskcom.pdf,TRUE,TRUE,FALSE,FALSE,FALSE,FALSE,FALSE,Sputtering
Effect-of-thickness-and-sulfurfree-annealing-atmosphere-on-the-structural-optical-and-electrical-properties-of-Cu2ZnSnS4thin-films-prepared-by-dipcoating-technique_2017_Springer-New-York-LLC-barbarabbertramgskco.pdf,TRUE,TRUE,FALSE,FALSE,FALSE,FALSE,TRUE,Sputtering
Effect-of-volume-of-the-solution-and-sulfurization-on-properties-of-Cu2ZnSnS4-thin-films-fabricated-by-spray-assisted-chemical-vapour-deposition-method_2022_Taylor-and-Francis-Ltd.pdf,TRUE,TRUE,FALSE,FALSE,FALSE,FALSE,TRUE,Sputtering
Effect-of-ZnS-nanowire-ARC-on-CZTSCdS-thin-film-solar-cell-by-Nebulizer-Spray-Pyrolysis-Technique_2019_Institute-of-Physics-Publishing-helencravenioporg.pdf,TRUE,TRUE,FALSE,FALSE,FALSE,FALSE,TRUE,Sputtering
Effects-of-back-contact-instability-on-Cu2ZnSnS4-devices-and-processes_2013_.pdf,TRUE,TRUE,FALSE,FALSE,TRUE,FALSE,TRUE,Sputtering
Effects-of-incorporation-of-Ag-into-a-kesterite-Cu2ZnSnS4thin-film-on-its-photoelectrochemical-properties-for-water-reduction_2022_Royal-Society-of-Chemistry.pdf,TRUE,TRUE,FALSE,FALSE,FALSE,FALSE,TRUE,Evaporation
Effects-of-Mo-backcontact-annealing-on-surface-potential-and-carrier-transport-in-Cu2ZnSnS4-thin-film-solar-cells_2016_Royal-Society-of-Chemistry.pdf,TRUE,TRUE,FALSE,FALSE,TRUE,FALSE,TRUE,Sputtering
Effects-of-selenization-conditions-on-the-microstructure-and-optoelectronic-properties-of-CZTSSe-absorber-layers-prepared-by-the-solgel-method_2025_Springer-Verlag.pdf,TRUE,TRUE,TRUE,FALSE,TRUE,FALSE,TRUE,Sputtering
Elaboration-and-characterization-of-quaternary-material-Cu2ZnSnS4-by-spray-pyrolysis-technique-using-Taguchi-method_2023_Springer-Science-and-Business-Media-Deutschland-GmbH.pdf,TRUE,TRUE,FALSE,FALSE,TRUE,FALSE,TRUE,Solution
Electrical-structural-and-topographical-properties-of-direct-current-DC-sputtered-bilayer-molybdenum-thin-films_2018_Springer-New-York-LLC-barbarabbertramgskcom.pdf,FALSE,TRUE,FALSE,FALSE,TRUE,FALSE,TRUE,Sputtering
Electrical-transport-properties-of-dipcoated-nanocrystalline-Cu2ZnSnS4-thin-films_2020_Springer.pdf,TRUE,TRUE,FALSE,FALSE,FALSE,FALSE,FALSE,Solution
Electrochemical-deposition-of-quaternary-Cu2ZnSnS4-thin-films-as-potential-solar-cell-material_2009_.pdf,FALSE,TRUE,FALSE,FALSE,FALSE,FALSE,TRUE,Sputtering
Electrochemical-growth-of-Cu2XSnS4-X--Zn-Co-Ni-Fe-thin-films-as-absorber-layers-for-solar-cells_2025_Springer-Science-and-Business-Media-BV.pdf,TRUE,TRUE,FALSE,FALSE,FALSE,FALSE,TRUE,Unknown
Electrodeposition-of-Cu-thin-film-assisted-by-Cu-nanoparticles-for-Cu2ZnSnSe4-solar-cell-applications_2019_Springer-Verlag-servicespringerde.pdf,TRUE,TRUE,FALSE,FALSE,TRUE,FALSE,FALSE,Sputtering
Electrolyte-pH-dependent-controlled-growth-of-coelectrodeposited-CZT-films-for-application-in-CZTS-based-thin-film-solar-cells_2018_Springer-New-York-LLC-barbarabbertramgskcom.pdf,TRUE,TRUE,TRUE,FALSE,FALSE,FALSE,TRUE,Sputtering
Elemental-Precursor-Solution-Processed-Cu1xAgx2ZnSnSSe4-Photovoltaic-Devices-with-over-10-Efficiency_2017_American-Chemical-Society-serviceacsorg.pdf,TRUE,TRUE,FALSE,FALSE,FALSE,FALSE,TRUE,Sputtering
Energy-Band-Alignment-by-SolutionProcessed-Aluminum-Doping-Strategy-toward-Record-Efficiency-in-Pulsed-LaserDeposited-Kesterite-ThinFilm-Solar-Cell_2022_American-Chemical-Society.pdf,TRUE,TRUE,FALSE,FALSE,FALSE,FALSE,TRUE,Sputtering
Enhanced-Conductivity-in-CZTSCu2xSe-Nanocrystal-Thin-Films-Growth-of-a-Conductive-Shell_2016_American-Chemical-Society-serviceacsorg.pdf,TRUE,TRUE,FALSE,FALSE,TRUE,FALSE,TRUE,Evaporation
Enhanced-efficiency-of-Cu2ZnSnSSe4-solar-cells-Via-antireflectance-properties-and-surface-passivation-by-atomic-layer-deposited-aluminum-oxide_2018_Royal-Society-of-Chemistry.pdf,TRUE,TRUE,FALSE,FALSE,FALSE,FALSE,TRUE,Sputtering
Enhanced-efficiency-of-thinfilm-solar-cells-using-AgInSe-back-surface-field-layer-a-SCAPS1D-numerical-study_2025_Taylor-and-Francis-Ltd.pdf,TRUE,FALSE,FALSE,FALSE,FALSE,FALSE,TRUE,Sputtering
Enhanced-photoresponse-of-Cu2ZnSnS4-absorber-thin-films-fabricated-using-multimetallic-stacked-nanolayers_2023_Royal-Society-of-Chemistry.pdf,TRUE,TRUE,FALSE,FALSE,TRUE,FALSE,FALSE,Sputtering
Enhanced-solar-cell-performance-by-optimization-of-spray-coated-CZTS-thin-film-using-Taguchi-and-response-surface-method_2018_Springer-New-York-LLC-barbarabbertramgskcom.pdf,TRUE,TRUE,FALSE,FALSE,TRUE,FALSE,FALSE,Sputtering
Enhancement-in-photovoltaic-performance-of-CZTS-Thinfilm-solar-cells-through-varying-stacking-order-and-sulfurization-time_2022_Springer.pdf,TRUE,TRUE,FALSE,FALSE,TRUE,TRUE,FALSE,Sputtering
Enhancement-the-optical-properties-of-thin-film-solar-cells-using-new-materials-and-designs-of-antireflection-coating_2024_Springer.pdf,TRUE,FALSE,FALSE,FALSE,FALSE,FALSE,FALSE,Unknown
Enhancing-Hole-Density-and-Suppressing-Recombination-Centers-through-Illumination-in-Kesterite-Thin-Film-Solar-Cells_2022_American-Chemical-Society.pdf,TRUE,FALSE,TRUE,FALSE,FALSE,FALSE,TRUE,Unknown
Enhancing-the-opencircuit-voltage-and-efficiency-of-CZTS-thinfilm-solar-cells-via-bandoffset-engineering_2020_Springer.pdf,TRUE,FALSE,FALSE,FALSE,FALSE,FALSE,FALSE,Sputtering
Enhancing-the-performance-of-aqueous-solutionprocessed-cu2znsnSse4-photovoltaic-materials-by-mn2-substitution_2020_MDPI-AG-membranesmdpicom.pdf,TRUE,TRUE,FALSE,FALSE,FALSE,FALSE,TRUE,Sputtering
Environmentally-friendly-solution-route-to-kesterite-Cu2ZnSnS-Se4-thin-films-for-solar-cell-applications_2014_Royal-Society-of-Chemistry.pdf,TRUE,TRUE,FALSE,FALSE,FALSE,FALSE,TRUE,Sputtering
Evolution-of-detrimental-secondary-phases-in-unstable-Cu2ZnSnS4-films-during-annealing_2016_Kluwer-Academic-Publishers.pdf,TRUE,TRUE,TRUE,FALSE,TRUE,FALSE,FALSE,Sputtering
Evolution-of-Na--S-O-Compounds-on-the-Cu2ZnSnS4-Absorber-Surface-and-Their-Effects-on-CdS-Thin-Film-Growth_2016_American-Chemical-Society-serviceacsorg.pdf,TRUE,TRUE,FALSE,FALSE,TRUE,FALSE,TRUE,Sputtering
Evolution-of-the-Cu2ZnSnS4-phase-based-on-the-sulfurizationcrystallisation-duration-of-the-CuSSnSZnS-stack-formed-by-thermal-evaporation_2023_Taylor-and-Francis-Ltd.pdf,TRUE,TRUE,FALSE,FALSE,FALSE,FALSE,TRUE,Sputtering
Exceptional-Thermoelectric-Performance-of-Cu2ZnFeCdSnS4-Thin-Films_2024_American-Chemical-Society.pdf,TRUE,TRUE,FALSE,FALSE,FALSE,FALSE,TRUE,Solution
Experimental-and-numerical-simulation-of-deposition-time-effect-on-ZnS-thin-films-for-CZTSbased-solar-cells_2021_Springer.pdf,TRUE,TRUE,TRUE,FALSE,FALSE,FALSE,TRUE,Sputtering
Fabrication-of-a-Cu2ZnSnSSe4-photovoltaic-device-by-a-lowtoxicity-ethanol-solution-process_2013_American-Chemical-Society.pdf,TRUE,TRUE,FALSE,FALSE,FALSE,FALSE,TRUE,Sputtering
Fabrication-of-a-HighQuality-Cu-2-ZnSnSSe-4-Absorber-Layer-via-an-Aqueous-Solution-Process-and-Application-in-Solar-Cells_2019_American-Chemical-Society-serviceacsorg.pdf,TRUE,TRUE,FALSE,FALSE,FALSE,FALSE,TRUE,Solution
Fabrication-of-ag-and-mn-codoped-cu2znsns4-thin-film_2019_MDPI-AG-indexingmdpicom.pdf,TRUE,TRUE,FALSE,FALSE,FALSE,FALSE,TRUE,Sputtering
Fabrication-of-Cu2ZnSnS4-absorber-layers-with-adjustable-ZnSn-and-CuZnSn-ratios_2014_Springer-New-York-LLC-journalsspringersbmcom.pdf,TRUE,TRUE,FALSE,FALSE,FALSE,FALSE,TRUE,Solution
Fabrication-of-Cu2ZnSnS4-Light-Absorber-Using-a-CostEffective-Mechanochemical-Method-for-Photovoltaic-Applications_2022_MDPI.pdf,TRUE,TRUE,FALSE,FALSE,FALSE,FALSE,TRUE,Sputtering
Fabrication-of-Cu2ZnSnS4-solar-cells-with-51-efficiency-via-thermal-decomposition-and-reaction-using-a-nontoxic-solgel-route_2014_.pdf,TRUE,TRUE,FALSE,FALSE,FALSE,FALSE,TRUE,Sputtering
Fabrication-of-Cu2ZnSnS4-thin-films-by-simple-solution-method-using-citric-acid-as-complexing-agent_2017_Springer-New-York-LLC-barbarabbertramgskcom.pdf,TRUE,TRUE,FALSE,FALSE,FALSE,FALSE,TRUE,Sputtering
Fabrication-of-Cu2ZnSnSSe4-thin-film-solar-cell-devices-based-on-printable-nanoink_2019_Springer.pdf,TRUE,TRUE,FALSE,FALSE,FALSE,FALSE,TRUE,Sputtering
Fabrication-of-highquality-kesterite-Cu2ZnSnS4-thin-films-deposited-by-an-optimized-solgel-sulphurization-technique-for-solar-cells_2020_Springer.pdf,TRUE,TRUE,FALSE,FALSE,FALSE,FALSE,TRUE,Sputtering
Fabrication-of-novel-CuAgZnSnSe4Cu2ZnSnSe4thin-film-solar-cells-by-the-vacuum-evaporation-method_2020_Royal-Society-of-Chemistry.pdf,TRUE,TRUE,FALSE,FALSE,FALSE,FALSE,TRUE,Solution
Facile-and-LowCost-Fabrication-of-CuZnSnBased-Ternary-and-Quaternary-Chalcogenides-Thermoelectric-Generators_2022_American-Chemical-Society.pdf,TRUE,FALSE,FALSE,FALSE,FALSE,FALSE,TRUE,Sputtering
Facile-growth-of-kesterite-CZTS-film-by-onepot-hydrothermal-route-using-EDTA-as-complex-agent-for-heterojunction-solar-cell-applications-influence-of-zinc-concentration_2023_Springer.pdf,TRUE,TRUE,FALSE,FALSE,FALSE,FALSE,TRUE,Solution
Facile-one-step-synthesis-of-nontoxic-kesterite-Cu2ZnSnS4-nanoflakes-thin-film-by-chemical-bath-deposition-for-solar-cell-application_2018_Springer-New-York-LLC-barbarabbertramgskcom.pdf,TRUE,TRUE,FALSE,FALSE,FALSE,FALSE,TRUE,Sputtering
Facile-Synthesis-and-Structural-Linear-and-Nonlinear-Optical-Investigation-of-ptype-Cu2ZnGeS4-Thin-Films-as-a-Potential-Absorber-Layer-for-Solar-Cells_2020_Springer.pdf,TRUE,TRUE,FALSE,FALSE,FALSE,FALSE,TRUE,Evaporation
Favorable-Bonding-and-Band-Structures-of-Cu2ZnSnS4and-CdS-Films-and-Their-Photovoltaic-Interfaces_2022_American-Chemical-Society.pdf,TRUE,TRUE,FALSE,FALSE,FALSE,FALSE,TRUE,Sputtering
Flexible-HighEfficiency-CZTSSe-Solar-Cells-on-Diverse-Flexible-Substrates-via-an-AdhesiveBonding-Transfer-Method_2020_American-Chemical-Society-serviceacsorg.pdf,TRUE,TRUE,FALSE,FALSE,FALSE,FALSE,TRUE,Sputtering
Formation-of-a-phase-pure-kesterite-CZTSe-thin-films-using-multisource-hybrid-physical-vapour-deposition_2020_Institute-of-Physics-Publishing-helencravenioporg.pdf,TRUE,TRUE,FALSE,FALSE,TRUE,FALSE,FALSE,Sputtering
Formation-of-copper-zinc-tin-sulfide-thin-films-from-colloidal-nanocrystal-dispersions-via-aerosoljet-printing-and-compaction_2015_American-Chemical-Society-serviceacsorg.pdf,TRUE,TRUE,TRUE,TRUE,FALSE,FALSE,TRUE,Sputtering
Formation-of-Curich-and-Snpoor-CZTSSe-via-Cu3SnSSe4ZnS-solidsolution-as-the-intermediate_2014_American-Chemical-Society-serviceacsorg.pdf,TRUE,TRUE,FALSE,FALSE,FALSE,FALSE,TRUE,Sputtering
Gealloyed-CZTSe-thin-film-solar-cell-using-molecular-precursor-adopting-spray-pyrolysis-approach_2016_Royal-Society-of-Chemistry.pdf,TRUE,TRUE,FALSE,FALSE,FALSE,FALSE,TRUE,Sputtering
Grain-size-and-texture-of-Cu-2ZnSnS-4-thin-films-synthesized-by-cosputtering-binary-sulfides-and-annealing-Effects-of-processing-conditions-and-sodium_2011_.pdf,TRUE,TRUE,FALSE,FALSE,TRUE,FALSE,TRUE,Sputtering
Graintograin-compositional-variations-and-phase-segregation-in-copperzinctinsulfide-films_2016_American-Chemical-Society-serviceacsorg.pdf,TRUE,TRUE,FALSE,FALSE,FALSE,FALSE,TRUE,Sputtering
Growth-and-characterization-of-coevaporated-Cu2ZnSnSe-4-thin-films-for-photovoltaic-applications_2008_.pdf,TRUE,TRUE,TRUE,FALSE,TRUE,FALSE,FALSE,Sputtering
Growth-and-characterization-of-Cu2-ZnSnS4-thin-films-by-dc-reactive-magnetron-sputtering-for-photovoltaic-applications_2010_.pdf,TRUE,TRUE,FALSE,FALSE,FALSE,FALSE,FALSE,Sputtering
Growth-and-characterization-of-Cu2Zn1xFexSnS4-thin-films-for-photovoltaic-applications_2020_MDPI-AG-rasettimdpicom-Postfach-Basel-CH4005.pdf,TRUE,TRUE,FALSE,FALSE,FALSE,FALSE,FALSE,Solution
Growth-and-Device-Characteristics-of-CZTSSe-ThinFilm-Solar-Cells-with-803-Efficiency_2015_American-Chemical-Society-serviceacsorg.pdf,TRUE,TRUE,FALSE,FALSE,TRUE,TRUE,TRUE,Sputtering
Growth-and-Photovoltaic-Device-Application-of-Cu2BaGe1-xSnxSe4Films-Prepared-by-Selenization-of-Sequentially-Deposited-Precursors_2021_American-Chemical-Society.pdf,TRUE,TRUE,FALSE,FALSE,TRUE,FALSE,TRUE,Sputtering
Growth-and-properties-of-Cu2ZnSnS4-thin-films-prepared-by-multiple-metallic-layer-stacks-as-a-function-of-sulfurization-time_2017_Springer-New-York-LLC-barbarabbertramgskcom.pdf,TRUE,TRUE,TRUE,FALSE,FALSE,FALSE,FALSE,Sputtering
Growth-Mechanism-and-Properties-of-Nanostructure-Cu2ZnSnSe4-Thin-Films-and-Solar-Cells_2023_American-Chemical-Society.pdf,TRUE,TRUE,FALSE,FALSE,TRUE,FALSE,TRUE,Sputtering
Growth-of-Cu2ZnSnSe4-thin-films-by-selenization-of-sputtered-singlelayered-CuZnSn-metallic-precursors-from-a-CuZnSn-alloy-target_2011_.pdf,TRUE,TRUE,FALSE,FALSE,FALSE,FALSE,TRUE,Sputtering
Growth-of-CZTS-thin-films-by-sulfurization-of-sputtered-singlelayered-CuZnSn-metallic-precursors-from-an-alloy-target_2013_.pdf,TRUE,TRUE,FALSE,FALSE,FALSE,FALSE,FALSE,Sputtering
Growth-structure-optical-and-optoelectrical-characterizations-ofthe-Cu2NiSnS4-thin-films-synthesized-by-spray-pyrolysis-technique_2019_Springer-New-York-LLC-barbarabbertramgskcom.pdf,TRUE,TRUE,FALSE,FALSE,FALSE,FALSE,FALSE,Solution
Highefficiency-solutionprocessed-Cu-2ZnSnSSe-4-thinfilm-solar-cells-prepared-from-binary-and-ternary-nanoparticles_2012_.pdf,TRUE,FALSE,FALSE,FALSE,FALSE,FALSE,FALSE,Sputtering
Highly-efficient-Cu2ZnSnSSe4-bifacial-solar-cell-via-a-composition-gradient-strategy-through-the-molecular-ink_2022_Science-Press-China.pdf,TRUE,TRUE,FALSE,FALSE,FALSE,FALSE,TRUE,Sputtering
Hydrazinefree-surface-modification-of-CZTSe-nanocrystals-with-allinorganic-ligand_2014_American-Chemical-Society-serviceacsorg.pdf,TRUE,TRUE,FALSE,FALSE,TRUE,FALSE,TRUE,Evaporation
Impact-of-18Diiodooctane-DIO-Additive-on-the-Active-Layer-Properties-of-Cu2ZnSnS4-Kesterite-Thin-Films-Prepared-by-Electrochemical-Deposition-for-Photovoltaic-Applications_2023_MDPI.pdf,TRUE,TRUE,FALSE,FALSE,FALSE,FALSE,TRUE,Sputtering
Impact-of-Sb-and-Na-Doping-on-the-Surface-Electronic-Landscape-of-Cu-2-ZnSnS-4-Thin-Films_2018_American-Chemical-Society-serviceacsorg.pdf,TRUE,FALSE,FALSE,FALSE,FALSE,FALSE,FALSE,Solution
Impact-of-SnSSe-secondary-phases-in-Cu2ZnSnSSe4-solar-cells-A-chemical-route-for-their-selective-removal-and-absorber-surface-passivation_2014_American-Chemical-Society-serviceacsorg.pdf,TRUE,TRUE,FALSE,FALSE,FALSE,FALSE,TRUE,Sputtering
Impedance-spectroscopy-study-of-AlpCu2ZnSnS4-thin-films-Schottky-diode-grown-by-a-twostage-method_2024_Springer-Science-and-Business-Media-Deutschland-GmbH.pdf,TRUE,TRUE,FALSE,FALSE,FALSE,FALSE,FALSE,Sputtering
Importance-of-CdS-buffer-layer-thickness-on-Cu2ZnSnS4based-solar-cell-efficiency_2018_Institute-of-Physics-Publishing-helencravenioporg.pdf,TRUE,TRUE,FALSE,FALSE,FALSE,FALSE,TRUE,Sputtering
Improvement-and-optimization-of-Cu2ZnSnS1xSex4-structure-for-optoelectronic-applications_2024_SC-Virtual-Company-of-Physics-SRL.pdf,TRUE,TRUE,FALSE,FALSE,FALSE,FALSE,FALSE,Unknown
Improvement-in-Performance-of-Cu2ZnSnSSe4-Absorber-Layer-with-Fine-Temperature-Control-in-Rapid-Thermal-Annealing-System_2021_Korea-Federation-of-Science-and-Technology.pdf,TRUE,FALSE,FALSE,FALSE,FALSE,FALSE,TRUE,Sputtering
Improvement-of-Jsc-in-a-Cu2ZnSnS4-Solar-Cell-by-Using-a-Thin-Carbon-Intermediate-Layer-at-the-Cu2ZnSnS4Mo-Interface_2015_American-Chemical-Society-serviceacsorg.pdf,TRUE,TRUE,FALSE,FALSE,TRUE,FALSE,TRUE,Sputtering
Improving-the-Device-Performance-of-CZTSSe-ThinFilm-Solar-Cells-via-Indium-Doping_2023_American-Chemical-Society.pdf,TRUE,TRUE,FALSE,FALSE,TRUE,FALSE,TRUE,Sputtering
Incorporation-of-an-efficient-In2S3-thin-film-as-window-material-into-CdTe-photovoltaic-devices_2019_Institute-of-Physics-Publishing-helencravenioporg.pdf,TRUE,TRUE,FALSE,FALSE,FALSE,FALSE,FALSE,Sputtering
Influence-of-carrier-gas-pressure-on-the-characteristics-of-nebulizersprayed-Cu2ZnSnS4-absorber-thin-films_2021_Springer.pdf,TRUE,TRUE,FALSE,FALSE,TRUE,FALSE,FALSE,Sputtering
Influence-of-Copper-Composition-on-Cu2BaSnSSe4SolutionDeposited-Films-and-Photovoltaic-Devices-with-over-5-Efficiency_2022_American-Chemical-Society.pdf,TRUE,TRUE,FALSE,FALSE,FALSE,FALSE,TRUE,Sputtering
Influence-of-different-sulfur-sources-on-the-phase-formation-of-Cu2ZnSnS4-CZTS-nanoparticles-NPs_2018_Springer-New-York-LLC-barbarabbertramgskcom.pdf,TRUE,TRUE,TRUE,FALSE,FALSE,FALSE,TRUE,Solution
Influence-of-growth-temperature-on-secondary-phases-in-CZTS-thin-films-prepared-via-spray-pyrolysis_2025_Springer.pdf,TRUE,TRUE,FALSE,FALSE,FALSE,FALSE,FALSE,Sputtering
Influence-of-Magnesium-Content-on-the-Structural-Optical-and-Electrical-Properties-of-Cu2Zn1xMgxSnS4-Nanostructured-Quaternary-Thin-Film-Synthesized-Using-the-SolGel-Method_2023_Springer.pdf,TRUE,TRUE,FALSE,FALSE,FALSE,FALSE,TRUE,Solution
Influence-of-Solvent-on-the-Proprieties-of-Cu2ZnSnS4-Thin-Film-Fabricated-by-OneStep-Electrodeposition_2019_Pleiades-Publishing-compmgmaikru.pdf,TRUE,TRUE,FALSE,FALSE,FALSE,FALSE,FALSE,Sputtering
Influence-of-substrate-temperature-on-the-properties-of-electrodeposited-kesterite-Cu2ZnSnS4-CZTS-thin-films-for-photovoltaic-applications_2015_Springer-Science-and-Business-Media-LLC.pdf,TRUE,TRUE,FALSE,FALSE,FALSE,FALSE,TRUE,Sputtering
Influence-of-sulfurization-time-and-CuZnSSn-stack-order-on-the-properties-of-thermally-evaporated-CZTS-thin-films_2022_Springer.pdf,TRUE,TRUE,FALSE,FALSE,TRUE,FALSE,FALSE,Sputtering
Influence-of-the-Reaction-Pathway-on-the-Defect-Formation-in-a-Cu2ZnSnSe4Thin-Film_2021_American-Chemical-Society.pdf,TRUE,TRUE,FALSE,FALSE,FALSE,FALSE,TRUE,Sputtering
Influence-of-thiourea-in-the-precursor-solution-on-the-structural-optical-and-electrical-properties-of-CZTS-thin-films-deposited-via-spray-coating-technique_2021_Springer.pdf,TRUE,TRUE,FALSE,FALSE,FALSE,FALSE,FALSE,Solution
Influences-of-rapid-thermal-annealing-on-Cu2ZnSnS4-thin-film-fabricated-by-spraying-approach_2021_Springer.pdf,TRUE,TRUE,FALSE,FALSE,FALSE,FALSE,FALSE,Sputtering
Influencing-Mechanism-of-the-Selenization-Temperature-and-Time-on-the-Power-Conversion-Efficiency-of-Cu2ZnSnSSe4Based-Solar-Cells_2016_American-Chemical-Society-serviceacsorg.pdf,TRUE,TRUE,FALSE,FALSE,FALSE,FALSE,TRUE,Sputtering
Investigating-the-effects-of-bismuth-doping-on-the-structural-optical-and-electrical-properties-of-Cu2ZnSnS4-thin-films-for-photovoltaic-applications_2023_Springer.pdf,TRUE,TRUE,FALSE,FALSE,FALSE,FALSE,TRUE,Sputtering
Investigating-the-potential-of-cobaltdoped-zinc-oxide-Zn1xCoxO-as-a-buffer-layer-for-CZTS-thinfilm-solar-cells_2024_Springer.pdf,TRUE,TRUE,FALSE,FALSE,FALSE,FALSE,TRUE,Solution
Investigating-the-Role-of-SeleniumIon-Concentration-on-Optoelectronic-Properties-of-the-Cu2ZnSnS1-xSex4Thin-Films_2020_American-Chemical-Society-serviceacsorg.pdf,TRUE,TRUE,FALSE,FALSE,FALSE,FALSE,FALSE,Sputtering
Investigation-into-the-Selenization-Mechanisms-of-Wurtzite-CZTS-Nanorods_2018_American-Chemical-Society-serviceacsorg.pdf,TRUE,TRUE,FALSE,FALSE,TRUE,FALSE,TRUE,Evaporation
Investigation-of-Cu2ZnSnS4-formation-from-metal-salts-and-thioacetamide_2010_.pdf,TRUE,TRUE,FALSE,FALSE,FALSE,FALSE,TRUE,Sputtering
Investigation-of-local-compositional-uniformity-in-Cu2ZnSnSSe-4-thin-film-solar-cells-prepared-from-nanoparticle-inks_2014_Royal-Society-of-Chemistry.pdf,FALSE,TRUE,FALSE,FALSE,TRUE,FALSE,TRUE,Sputtering
Investigation-of-optimum-mg-doping-content-and-annealing-parameters-of-Cu2MgxZn1xSnS4-thin-films-for-solar-cells_2019_MDPI-AG-indexingmdpicom.pdf,TRUE,TRUE,FALSE,FALSE,FALSE,FALSE,TRUE,Solution
Investigation-of-substrate-temperature-effect-on-physical-properties-of-sprayed-Cu2MgSnS4-thin-films-for-solar-cells-and-humidity-sensing-applications_2022_Springer.pdf,TRUE,TRUE,FALSE,FALSE,FALSE,FALSE,TRUE,Solution
Investigation-on-the-Structure-and-Morphology-of-CZTSe-Solar-Cells-by-Adjusting-CuGe-Buffer-Layers_2021_American-Chemical-Society.pdf,TRUE,TRUE,FALSE,FALSE,TRUE,FALSE,TRUE,Sputtering
Investigations-on-SILAR-coated-CZTS-thin-films-for-solar-cells-applications_2021_Taylor-and-Francis-Ltd.pdf,TRUE,TRUE,FALSE,FALSE,FALSE,FALSE,FALSE,Sputtering
Kesterite-based-thin-film-absorber-layers-from-ball-milled-precursors_2016_Springer-New-York-LLC-barbarabbertramgskcom.pdf,TRUE,TRUE,FALSE,FALSE,TRUE,FALSE,FALSE,Sputtering
Kesterite-Cu2ZnSnGeSSe4-thin-film-with-controlled-Gedoping-for-photovoltaic-application_2016_Royal-Society-of-Chemistry.pdf,TRUE,TRUE,FALSE,FALSE,FALSE,FALSE,TRUE,Sputtering
Kesterite-Cu2ZnSnS4-thin-film-solar-cells-by-a-facile-DMFbased-solution-coating-process_2015_Royal-Society-of-Chemistry.pdf,TRUE,TRUE,FALSE,FALSE,TRUE,FALSE,TRUE,Sputtering
LigandExchanged-CZTS-Nanocrystal-Thin-Films-Does-Nanocrystal-Surface-Passivation-Effectively-Improve-Photovoltaic-Performance_2017_American-Chemical-Society-serviceacsorg.pdf,TRUE,TRUE,FALSE,FALSE,TRUE,FALSE,TRUE,Sputtering
Liquid-phase-assisted-grain-growth-in-Cu2ZnSnS4-nanoparticle-thin-films-by-alkali-element-incorporation_2018_Royal-Society-of-Chemistry.pdf,TRUE,TRUE,TRUE,FALSE,TRUE,FALSE,TRUE,Evaporation
Locationoptoelectronic-property-correlation-in-znoAl-thin-film-by-rf-magnetron-sputtering-and-its-photovoltaic-application_2021_MDPI.pdf,TRUE,FALSE,FALSE,FALSE,FALSE,FALSE,FALSE,Sputtering
Low-temperature-crystallization-of-Cu2ZnSnSe4-thin-films-using-binary-selenide-precursors_2017_Springer-New-York-LLC-barbarabbertramgskcom.pdf,TRUE,TRUE,FALSE,FALSE,FALSE,FALSE,TRUE,Sputtering
Lowcost-chemical-fabrication-of-Cu2ZnSnS4-microparticles-and-film_2013_.pdf,TRUE,TRUE,FALSE,FALSE,FALSE,FALSE,TRUE,Sputtering
Lowcost-fabrication-of-Cu2ZnSnS4-thin-films-for-solar-cell-absorber-layers_2013_Springer-Science-and-Business-Media-LLC.pdf,TRUE,TRUE,FALSE,FALSE,FALSE,FALSE,FALSE,Sputtering
Microstructure-evolution-and-crystal-growth-in-Cu2ZnSnS-4-thin-films-formed-by-annealing-colloidal-nanocrystal-coatings_2014_American-Chemical-Society-serviceacsorg.pdf,TRUE,TRUE,TRUE,FALSE,TRUE,FALSE,TRUE,Evaporation
Microstructure-Evolution-during-Selenization-of-Cu2ZnSnS4-Colloidal-Nanocrystal-Coatings_2016_American-Chemical-Society-serviceacsorg.pdf,TRUE,TRUE,FALSE,FALSE,TRUE,FALSE,TRUE,Sputtering
Mimicry-of-sputtered-iZnO-thin-films-using-chemical-bath-deposition-for-solutionprocessed-solar-cells_2014_American-Chemical-Society.pdf,TRUE,TRUE,FALSE,FALSE,FALSE,FALSE,FALSE,Sputtering
Modeling-and-Simulation-of-CZTS-ThinFilm-Solar-Cell-for-Efficiency-Enhancement_2022_Springer.pdf,TRUE,FALSE,FALSE,FALSE,FALSE,FALSE,TRUE,Sputtering
Morphology-controlled-ntype-TiO2-and-stoichiometry-adjusted-ptype-Cu2ZnSnS4-thin-films-for-photovoltaic-applications_2017_American-Chemical-Society.pdf,TRUE,TRUE,FALSE,FALSE,FALSE,FALSE,TRUE,Sputtering
Nadoped-Cu2MgSnS4-grown-by-spray-pyrolysis-using-water-solvent-for-environmental-applications_2025_Springer.pdf,TRUE,FALSE,TRUE,FALSE,FALSE,FALSE,TRUE,Unknown
Nanoscale-compositional-analysis-of-surfaces-and-interfaces-in-earthabundant-kesterite-solar-cells_2016_Cambridge-University-Press.pdf,TRUE,TRUE,FALSE,FALSE,FALSE,FALSE,FALSE,Sputtering
Nanostructured-Cu2ZnSnS4-thin-films-influence-of-substrate-temperature-on-structural-morphological-optical-and-electrical-properties_2015_Springer-Verlag-servicespringerde.pdf,TRUE,TRUE,FALSE,FALSE,FALSE,FALSE,TRUE,Sputtering
Nanostructured-ptype-CZTS-thin-films-prepared-by-a-facile-solution-process-for-3D-pn-junction-solar-cells_2015_Royal-Society-of-Chemistry.pdf,TRUE,TRUE,FALSE,FALSE,FALSE,FALSE,TRUE,Sputtering
NH44Sn2S63H-2O-Crystal-structure-thermal-decomposition-and-precursor-for-textured-thin-film_2014_American-Chemical-Society-serviceacsorg.pdf,TRUE,TRUE,FALSE,FALSE,FALSE,FALSE,TRUE,Solution
Novel-hydrothermal-route-for-synthesis-of-photoactive-Cu2ZnSnSSe4-nanocrystalline-thin-film-efficient-photovoltaic-performance_2020_Springer.pdf,TRUE,TRUE,FALSE,FALSE,FALSE,FALSE,FALSE,Sputtering
Novel-nonhydrazine-solution-processing-of-earthabundant-Cu-2ZnSnSSe4-absorbers-for-thinfilm-solar-cells_2013_.pdf,TRUE,TRUE,TRUE,FALSE,FALSE,FALSE,TRUE,Sputtering
Novel-pType-Conductive-Semiconductor-Nanocrystalline-Film-as-the-Back-Electrode-for-HighPerformance-Thin-Film-Solar-Cells_2016_American-Chemical-Society-serviceacsorg.pdf,TRUE,FALSE,FALSE,FALSE,FALSE,FALSE,TRUE,Solution
Novel-synthesis-structural-linear-and-nonlinear-optical-properties-of-ptype-kesterite-nanosized-Cu2MnGeS4-thin-films_2020_Springer.pdf,TRUE,TRUE,FALSE,FALSE,FALSE,FALSE,TRUE,Sputtering
Numerical-Investigation-and-Device-Architecture-Optimization-of-Sb2Se3-ThinFilm-Solar-Cells-Using-SCAPS1D_2024_Multidisciplinary-Digital-Publishing-Institute-MDPI.pdf,TRUE,FALSE,FALSE,FALSE,FALSE,FALSE,TRUE,Unknown
Numerical-Optimization-of-Thickness-and-Optical-Band-Gap-of-Absorber-and-Buffer-Layers-in-EarthAbundant-Cu2ZnSnS4-ThinFilm-Solar-Cells_2024_Springer.pdf,TRUE,TRUE,FALSE,FALSE,TRUE,FALSE,TRUE,Sputtering
Numerical-Simulations-on-CZTSSeBased-Solar-Cells-with-GaSe-as-an-Alternative-Buffer-Layer-Using-SCAPS1D_2022_Institute-of-Physics.pdf,FALSE,FALSE,FALSE,FALSE,FALSE,FALSE,FALSE,Sputtering
On-the-Germanium-Incorporation-in-Cu2ZnSnSe4-Kesterite-Solar-Cells-Boosting-Their-Efficiency_2020_American-Chemical-Society-serviceacsorg.pdf,TRUE,FALSE,FALSE,FALSE,FALSE,FALSE,TRUE,Sputtering
On-the-properties-of-Cu2ZnSnSSe4-thin-films-prepared-by-selenization-of-binary-precursors-using-rapid-thermal-processing_2015_Institute-of-Physics-Publishing-helencravenioporg.pdf,TRUE,TRUE,FALSE,FALSE,FALSE,FALSE,TRUE,Sputtering
Optical-absorption-performance-of-CZTSZnO-thin-film-solar-cells-comprising-antireflecting-coating-of-texturing-configuration_2023_Royal-Society-of-Chemistry.pdf,FALSE,FALSE,FALSE,FALSE,FALSE,FALSE,FALSE,Unknown
Optical-and-electrical-anisotropies-in-Cu2ZnSnS4-and-Cu2MgSnS4-thin-films-deposited-by-thermal-evaporation-at-obliquely-incident-angle_2023_Springer.pdf,FALSE,TRUE,FALSE,FALSE,FALSE,FALSE,TRUE,Sputtering
Optical-and-Electrical-Properties-of-Copper-Zinc-Tin-Sulfide-Films-As-Solar-Cell-Absorber-Materials-Prepared-by-a-Compacting-Process_2018_Pleiades-Publishing-compmgmaikru.pdf,TRUE,TRUE,FALSE,FALSE,TRUE,FALSE,FALSE,Sputtering
Optical-and-photovoltaic-properties-of-vacuumevaporated-CZTSe-CAZTSe-and-AZTSethinfilms-a-comparative-study_2021_Springer.pdf,TRUE,TRUE,FALSE,FALSE,FALSE,FALSE,TRUE,Evaporation
Optical-characterization-of-Cu2ZnSnS4-nanocrystals-thin-film_2016_Springer-New-York-LLC-barbarabbertramgskcom.pdf,TRUE,TRUE,FALSE,FALSE,FALSE,FALSE,FALSE,Sputtering
Optical-Detection-of-SnSe2Formation-on-CZTSSe-ThinFilm-Solar-Cells_2022_American-Chemical-Society.pdf,TRUE,FALSE,FALSE,FALSE,FALSE,FALSE,FALSE,Sputtering
Optimization-a-proposed-pathway-to-overcome-the-impasse-of-low-efficiency-in-CZTS-thinfilm-photovoltaics_2020_Springer.pdf,TRUE,FALSE,FALSE,FALSE,FALSE,FALSE,FALSE,Sputtering
Optimization-of-Cu2ZnSnS4-thin-film-absorber-layer-growth-without-sulphurization-using-triethanolamine-as-complexing-agent-for-thin-film-solar-cells-applications_2018_Springer-New-York-LLC-barbarabbertramgskcom.pdf,TRUE,TRUE,FALSE,FALSE,FALSE,FALSE,TRUE,Sputtering
Optimization-of-electrodeposition-time-on-the-properties-of-Cu2ZnSnS4-thin-films-for-thin-film-solar-cell-applications_2022_Springer.pdf,TRUE,TRUE,FALSE,FALSE,FALSE,FALSE,FALSE,Evaporation
Optimization-of-quaternary-compound-kesterite-Cu2ZnSnS4-CZTS-optical-band-gap-using-dipcoating-for-photovoltaic-absorbers_2025_Springer-Nature.pdf,TRUE,TRUE,FALSE,FALSE,FALSE,FALSE,FALSE,Sputtering
Optimization-of-sulfurization-time-for-properties-of-Cu2ZnSnS4-films-and-cells-by-sputtering-method_2018_Springer-New-York-LLC-barbarabbertramgskcom.pdf,TRUE,TRUE,FALSE,FALSE,FALSE,FALSE,FALSE,Sputtering
Optoelectronic-and-Photovoltaic-Properties-of-the-Cu2ZnSnS4Photocathode-by-a-TemperatureDependent-Facile-Hydrothermal-Route_2021_American-Chemical-Society.pdf,TRUE,TRUE,FALSE,FALSE,FALSE,FALSE,FALSE,Sputtering
Optoeletronic-investigation-of-Cu2ZnSnSSe4-thinfilms--Cu2ZnSnSSe4CdS-interface-with-scanning-probe-microscopy_2016_Science-in-China-Press-csbscichinacom.pdf,TRUE,FALSE,FALSE,FALSE,FALSE,FALSE,FALSE,Sputtering
Oxideinduced-grain-growth-in-CZTS-nanoparticle-coatings_2017_Royal-Society-of-Chemistry.pdf,TRUE,TRUE,TRUE,FALSE,TRUE,FALSE,TRUE,Sputtering
Performance-Enhancement-in-PowderFabricated-Cu2ZnSnSe4-Solar-Cell-by-Roll-Compression_2023_MDPI.pdf,TRUE,TRUE,FALSE,FALSE,TRUE,FALSE,TRUE,Sputtering
Performance-enhancement-of-Cu2ZnSnSSe4-solar-cell-by-inserting-Sb-and-Sb2Se3-doping-layer-at-the-bottom-of-CZTS-precursor_2019_Institute-of-Physics-Publishing-helencravenioporg.pdf,TRUE,TRUE,FALSE,FALSE,FALSE,FALSE,TRUE,Sputtering
PhaseSeparationInduced-Crystal-Growth-for-LargeGrained-Cu-2-ZnSnSSe-4-Thin-Film_2018_American-Chemical-Society-serviceacsorg.pdf,TRUE,TRUE,FALSE,FALSE,TRUE,FALSE,TRUE,Sputtering
Photocatalytic-Activity-Enhancement-of-ZnOCZTS-Thin-Film-Heterostructures-in-Visible-Region-Controlling-Phase-Pure-Kesterite-CZTS-Thin-Films-and-the-Effect-of-the-Number-of-Seed-Layers-on-Photocatalytic-Performa.pdf,TRUE,TRUE,FALSE,FALSE,FALSE,FALSE,TRUE,Solution
Photocatalytic-CO2-Reduction-Using-a-Pristine-Cu2ZnSnS4-Film-Electrode-under-Visible-Light-Irradiation_2018_American-Chemical-Society-serviceacsorg.pdf,TRUE,TRUE,FALSE,FALSE,FALSE,FALSE,TRUE,Sputtering
Photoelectrochemical-characterization-of-nanocrystalline-thinfilm-Cu-2ZnSnS4-photocathodes_2011_.pdf,TRUE,TRUE,TRUE,FALSE,TRUE,FALSE,TRUE,Sputtering
Photoelectrochemical-properties-and-electronic-band-structure-of-kesterite-copper-chalcogenide-Cu2IISnS4-II--Fe-Co-Ni-thin-films_2016_Royal-Society-of-Chemistry.pdf,TRUE,TRUE,FALSE,FALSE,FALSE,FALSE,TRUE,Solution
Photoresponse-application-of-the-dipcoated-Cu2ZnSnS4-thin-film_2023_Springer-Science-and-Business-Media-Deutschland-GmbH.pdf,TRUE,TRUE,FALSE,FALSE,FALSE,FALSE,TRUE,Sputtering
Photovoltaic-performance-of-Cu2ZnSnS4-thin-film-solar-cells-on-flexible-molybdenum-foil-formed-by-electrodeposition-and-sulfurization_2022_Springer.pdf,TRUE,TRUE,FALSE,FALSE,FALSE,FALSE,TRUE,Sputtering
Physical-and-optical-properties-of-sprayed-Cu-2-ZnSnS-4-CZTS-thin-film-effect-of-Cu-concentration_2019_Springer-New-York-LLC-barbarabbertramgskcom.pdf,TRUE,FALSE,FALSE,FALSE,FALSE,FALSE,TRUE,Sputtering
Physical-properties-of-the-lowcost-CZTS-absorber-layer-deposited-by-spincoating-effect-of-the-copper-concentration-associated-with-SCAPS1D-simulation_2023_Royal-Society-of-Chemistry.pdf,TRUE,TRUE,FALSE,FALSE,FALSE,FALSE,TRUE,Sputtering
Physicochemical-studies-of-Cd-1x-Zn-x-S-thin-films-produced-by-simple-twoelectrode-electrodeposition-system-for-solar-cell-application_2019_Springer-New-York-LLC-barbarabbertramgskcom.pdf,TRUE,TRUE,FALSE,FALSE,FALSE,FALSE,TRUE,Sputtering
Pneumatically-sprayed-Cu2ZnSnS4-films-under-Ar-and-ArH2-atmosphere_2014_Institute-of-Physics-Publishing-custservioporg.pdf,TRUE,TRUE,FALSE,FALSE,FALSE,FALSE,TRUE,Sputtering
Precursors-order-effect-on-the-properties-of-sulfurized-Cu-2ZnSnS4-thin-films_2009_.pdf,TRUE,TRUE,FALSE,FALSE,FALSE,FALSE,TRUE,Sputtering
Preparation-and-characterization-of-Cu2ZnSnSSe4-film-by-dropcoating-of-Cu2ZnSnS4-nanoink_2016_University-of-Science-and-Technology-Beijing.pdf,TRUE,TRUE,FALSE,FALSE,FALSE,FALSE,TRUE,Sputtering
Preparation-and-characterization-of-CZTS-thin-films-by-vacuumassisted-spray-pyrolysis-and-fabrication-of-Cdfree-heterojunction-solar-cells_2023_Institute-of-Physics.pdf,TRUE,FALSE,FALSE,FALSE,FALSE,FALSE,TRUE,Sputtering
Preparation-and-photocatalytic-properties-of-Cu2ZnSnS4-for-H2-production_2020_IOP-Publishing-Ltd-custservioporg.pdf,TRUE,TRUE,TRUE,FALSE,FALSE,FALSE,TRUE,Sputtering
Preparation-of-a-LargeGrained-Cu2ZnSnS4-ThinFilm-Absorbent-Layer-by-TwoCycle-Deposition-Sulfurization_2021_Springer.pdf,FALSE,TRUE,FALSE,FALSE,FALSE,FALSE,TRUE,Sputtering
Preparation-of-Cu2CdxZn1xSnS4thin-films-by-nanoparticle-ink-method_2021_IOP-Publishing-Ltd.pdf,TRUE,TRUE,FALSE,FALSE,FALSE,FALSE,TRUE,Sputtering
Preparation-of-Cu2ZnSnS4-thin-films-using-spincoating-method-with-thermolysis-and-annealing_2015_Kluwer-Academic-Publishers.pdf,TRUE,TRUE,FALSE,FALSE,FALSE,FALSE,TRUE,Sputtering
Preparation-of-Cu2ZnSnS4-thin-films-with-high-carrier-concentration-and-high-carrier-mobility-by-optimized-annealing_2018_Springer-New-York-LLC-barbarabbertramgskcom.pdf,TRUE,TRUE,FALSE,FALSE,TRUE,FALSE,TRUE,Sputtering
Preparation-of-CZTS-film-by-electrodeposition-method-study-on-the-principle-of-deposition-and-film-performance_2021_Springer.pdf,TRUE,TRUE,FALSE,FALSE,FALSE,FALSE,TRUE,Unknown
Probing-the-effect-of-selenium-substitution-in-kesteriteCu2ZnSnS4-nanocrystals-prepared-by-hot-injection-method_2019_Springer-New-York-LLC-barbarabbertramgskcom.pdf,TRUE,TRUE,TRUE,FALSE,FALSE,FALSE,FALSE,Sputtering
Promising-Cdfree-double-buffer-layer-in-CZTSSe-thin-film-solar-cells_2021_Science-in-China-Press.pdf,TRUE,TRUE,FALSE,FALSE,FALSE,FALSE,TRUE,Sputtering
Prospects-for-defect-engineering-in-Cu2ZnSnS4solar-absorber-films_2020_Royal-Society-of-Chemistry-ordersrscorg.pdf,TRUE,TRUE,TRUE,FALSE,TRUE,TRUE,TRUE,Sputtering
PtIn2S3CdSCu2ZnSnS4-Thin-Film-as-an-Efficient-and-Stable-Photocathode-for-Water-Reduction-under-Sunlight-Radiation_2015_American-Chemical-Society-serviceacsorg.pdf,TRUE,TRUE,FALSE,FALSE,FALSE,FALSE,FALSE,Unknown
Raman-study-of-flashlamp-annealed-aqueous-Cu-2-ZnSnS-4-nanocrystals_2019_BeilsteinInstitut-Zur-Forderung-der-Chemischen-Wissenschaften-infobeilsteininstitutde.pdf,TRUE,TRUE,FALSE,FALSE,FALSE,FALSE,FALSE,Evaporation
Reaction-Time-and-Film-Thickness-Effects-on-Phase-Formation-and-Optical-Properties-of-Solution-Processed-Cu2ZnSnS4-Thin-Films_2016_Springer-New-York-LLC-barbarabbertramgskcom.pdf,TRUE,TRUE,FALSE,FALSE,FALSE,FALSE,FALSE,Solution
Rear-band-gap-grading-strategies-on-SnGealloyed-kesterite-solar-cells_2020_American-Chemical-Society.pdf,TRUE,TRUE,FALSE,FALSE,FALSE,FALSE,TRUE,Sputtering
Relationship-between-residual-strain-and-band-gap-of-Cu2ZnSnS4-thin-films-grown-by-presulfurized-precursor_2019_Taylor-and-Francis-Inc-325-Chestnut-St-Suite-800-Philadelphia-PA-19106.pdf,TRUE,TRUE,FALSE,FALSE,TRUE,FALSE,FALSE,Sputtering
Research-on-structure-of-Cu2ZnSnS-Se4-thin-films-with-high-Snrelated-phases_2016_Springer-Verlag-servicespringerde.pdf,TRUE,TRUE,FALSE,FALSE,FALSE,FALSE,FALSE,Sputtering
Routes-to-tin-chalcogenide-materials-as-thin-films-or-nanoparticles-a-potentially-important-class-of-semiconductor-for-sustainable-solar-energy-conversion_2014_Royal-Society-of-Chemistry.pdf,TRUE,TRUE,FALSE,FALSE,FALSE,FALSE,FALSE,Sputtering
Sb-Doping-Strategy-to-Promote-Growth-and-Suppress-Defects-in-SolutionProcessed-CZTSSe-Solar-Cells-for-Improved-Optoelectronic-Performance_2023_American-Chemical-Society.pdf,TRUE,TRUE,FALSE,FALSE,FALSE,FALSE,TRUE,Sputtering
Scalable-and-Universal-Route-for-the-Deposition-of-Binary-Ternary-and-Quaternary-Metal-Sulfide-Materials-from-Molecular-Precursors_2020_American-Chemical-Society-serviceacsorg.pdf,TRUE,TRUE,FALSE,FALSE,FALSE,FALSE,TRUE,Sputtering
SCAPS1D-Analysis-for-HighEfficiency-CNGS-Based-Kesterite-Solar-Cells_2025_Korean-Institute-of-Electrical-and-Electronic-Material-Engineers.pdf,TRUE,FALSE,FALSE,FALSE,FALSE,FALSE,TRUE,Solution
Secondary-crystalline-phases-identification-in-Cu2ZnSnSe-4thin-films-Contributions-from-Raman-scattering-and-photoluminescence_2014_Kluwer-Academic-Publishers.pdf,TRUE,TRUE,FALSE,FALSE,TRUE,FALSE,TRUE,Sputtering
Secondary-crystalline-phases-influence-on-optical-properties-in-offstoichiometric-Cu2sZnSSnS2-thin-films_2020_MDPI-AG-diversitymdpicom.pdf,TRUE,TRUE,FALSE,FALSE,FALSE,FALSE,TRUE,Sputtering
Selfassembled-3Dhierarchical-structure-Cu2ZnSnS4-photocathodes-by-tuning-anion-ratios-in-precursor-solution_2016_Institute-of-Physics-Publishing-helencravenioporg.pdf,TRUE,TRUE,FALSE,FALSE,FALSE,FALSE,FALSE,Solution
SelfOrganized-Back-Surface-Field-to-Improve-the-Performance-of-Cu2ZnSnSSe4-Solar-Cells-by-Applying-PType-MoSe2Nb-to-the-Back-Electrode-Interface_2019_American-Chemical-Society-serviceacsorg.pdf,TRUE,TRUE,FALSE,FALSE,TRUE,FALSE,TRUE,Sputtering
Significantly-enhancing-grain-growth-in-Cu2ZnSnSSe4-absorber-layers-by-insetting-Sb2S3-CuSbS2-and-NaSb5S8-thin-films_2015_American-Chemical-Society-serviceacsorg.pdf,TRUE,TRUE,FALSE,FALSE,TRUE,FALSE,TRUE,Solution
Significantly-Enhancing-Response-Speed-of-SelfPowered-Cu2ZnSnSSe4-Thin-Film-Photodetectors-by-Atomic-Layer-Deposition-of-Simultaneous-Electron-Blocking-and-Electrode-Protective-Al2O3-Layers_2019_American-Chemica.pdf,TRUE,TRUE,FALSE,FALSE,FALSE,FALSE,FALSE,Sputtering
Significantly-enhancing-the-stability-of-a-Cu2ZnSnS4-aqueousethanolbased-precursor-solution-and-its-application-in-Cu2ZnSnSSe4-solar-cells_2015_Royal-Society-of-Chemistry.pdf,TRUE,TRUE,FALSE,FALSE,FALSE,FALSE,TRUE,Sputtering
Significantly-Improving-the-Crystal-Growth-of-a-Cu2ZnSnSSe4Absorber-Layer-by-AirAnnealing-a-Cu2ZnSnS4Precursor-Thin-Film_2020_American-Chemical-Society.pdf,TRUE,TRUE,FALSE,FALSE,FALSE,FALSE,TRUE,Solution
Simultaneously-optimizing-the-heterojunction-band-alignment-and-passivating-the-absorber-grain-boundaries-for-kesterite-solar-cells-with-1426-efficiency_2025_Royal-Society-of-Chemistry.pdf,TRUE,TRUE,FALSE,FALSE,FALSE,FALSE,FALSE,Sputtering
Sn4-precursor-enables-124-efficient-kesterite-solar-cell-from-DMSO-solution-with-open-circuit-voltage-deficit-below-030-V_2021_Science-in-China-Press.pdf,TRUE,TRUE,FALSE,FALSE,FALSE,FALSE,TRUE,Sputtering
Snrich-CZTS-films-spincoated-from-methanolbased-solgel-solution-annealing-effect-on-microstructure-and-optoelectronic-properties_2020_Springer.pdf,TRUE,TRUE,FALSE,FALSE,FALSE,FALSE,TRUE,Sputtering
Solgel-prepared-CZTS-CuZnSnS-films-doped-and-codoped-with-alkali-metals-Li-Na-and-K_2025_Springer.pdf,TRUE,TRUE,FALSE,FALSE,TRUE,FALSE,TRUE,Sputtering
Solution-enhancement-for-the-liable-preparation-of-Cu2ZnSnS4-thin-films_2018_Springer-New-York-LLC-barbarabbertramgskcom.pdf,TRUE,TRUE,FALSE,FALSE,FALSE,FALSE,FALSE,Sputtering
Solution-phase-fabrication-of-photoactive-Cu2BaSnS4-thin-films-for-solar-energy-harvesting_2020_Springer.pdf,TRUE,TRUE,FALSE,FALSE,FALSE,FALSE,FALSE,Solution
Solution-processed-CZTS-solar-cells-using-aminethiol-systems-Understanding-the-dissolution-process-and-device-fabrication_2020_Royal-Society-of-Chemistry.pdf,TRUE,TRUE,FALSE,FALSE,TRUE,FALSE,TRUE,Sputtering
Solution-processed-metal-chalcogenide-semiconductors-for-inorganic-thin-film-photovoltaics_2024_Royal-Society-of-Chemistry.pdf,TRUE,FALSE,FALSE,FALSE,FALSE,FALSE,FALSE,Solution
Solution-Processed-pType-Cu2ZnSnS4-Thin-Films-for-Absorber-Layer_2017_Springer-New-York-LLC-barbarabbertramgskcom.pdf,TRUE,FALSE,FALSE,FALSE,FALSE,FALSE,FALSE,Sputtering
Solutionbased-deposition-of-wurtzite-copper-zinc-tin-sulfide-nanocrystals-as-a-novel-absorber-in-thin-film-solar-cells_2016_Springer-New-York-LLC-barbarabbertramgskcom.pdf,TRUE,TRUE,FALSE,FALSE,FALSE,FALSE,FALSE,Sputtering
Solutionbased-synthesis-of-kesterite-thin-film-semiconductors_2020_IOP-Publishing-Ltd.pdf,TRUE,TRUE,FALSE,FALSE,FALSE,FALSE,TRUE,Sputtering
Solutionprocessed-Cu2ZnSnS4-superstrate-solar-cell-using-vertically-aligned-ZnO-nanorods_2014_.pdf,TRUE,TRUE,TRUE,FALSE,FALSE,FALSE,TRUE,Sputtering
Solutionprocessed-Cu2ZnSnS4-thin-film-with-mixed-solvent-and-its-application-in-superstrate-structure-solar-cells_2018_Royal-Society-of-Chemistry.pdf,TRUE,TRUE,FALSE,FALSE,FALSE,FALSE,FALSE,Sputtering
SolutionProcessed-Cu2ZnSnSSe4-ThinFilm-Solar-Cells-Using-Elemental-Cu-Zn-Sn-S-and-Se-Powders-as-Source_2015_Springer-New-York-LLC.pdf,TRUE,TRUE,FALSE,FALSE,FALSE,FALSE,TRUE,Sputtering
Solutionprocessed-highly-efficient-Cu2ZnSnSe4-thin-film-solar-cells-by-dissolution-of-elemental-Cu-Zn-Sn-and-Se-Powders_2015_American-Chemical-Society-serviceacsorg.pdf,TRUE,TRUE,FALSE,FALSE,FALSE,FALSE,TRUE,Sputtering
Solutionprocessed-kesterite-solar-module-with-101-certified-efficiency_2025_Nature-Research.pdf,TRUE,TRUE,FALSE,FALSE,TRUE,FALSE,TRUE,Sputtering
Solutionprocessed-spherelike-Cu2ZnSnS4-nanoparticles-for-solar-cells-effect-of-oleylamine-concentration-on-properties_2020_Springer.pdf,TRUE,TRUE,FALSE,FALSE,FALSE,FALSE,TRUE,Sputtering
Solvothermal-synthesis-of-Cu2Zn1xFexSnS4-nanoparticles-and-the-influence-of-annealing-conditions-on-dropcasted-thin-films_2016_Institute-of-Physics-Publishing-helencravenioporg.pdf,TRUE,TRUE,TRUE,TRUE,FALSE,FALSE,TRUE,Solution
Solvothermal-Synthesis-of-Phase-Pure-Nanocrystalline-CZTSSe-in-Aniline-for-Thin-Film-Photovoltaic-Cells_2024_Pleiades-Publishing.pdf,TRUE,TRUE,FALSE,FALSE,FALSE,FALSE,TRUE,Unknown
Spatial-Grain-Growth-and-Composition-Evolution-during-Sulfurizing-Metastable-Wurtzite-Cu2ZnSnS4-NanocrystalBased-Coatings_2017_American-Chemical-Society-serviceacsorg.pdf,TRUE,TRUE,FALSE,FALSE,TRUE,TRUE,FALSE,Sputtering
Spray-pyrolysis-approach-to-CZTSSe-thin-films-Influence-of-solvents-on-film-characteristics_2018_Institute-of-Physics-Publishing-helencravenioporg.pdf,TRUE,TRUE,TRUE,FALSE,TRUE,TRUE,TRUE,Sputtering
Strengthening-the-Properties-of-EarthAbundant-Cu2ZnSnSSe4Photovoltaic-Materials-via-Cation-Incorporation-with-Ni_2022_American-Chemical-Society.pdf,TRUE,TRUE,FALSE,FALSE,FALSE,FALSE,TRUE,Sputtering
Structural-and-electrical-properties-of-the-AlpCu2ZnSnS4-thin-film-schottky-diode_2017_Springer-New-York-LLC-barbarabbertramgskcom.pdf,TRUE,FALSE,FALSE,FALSE,FALSE,FALSE,TRUE,Sputtering
Structural-and-Optical-Annealing-RouteDependent-Properties-of-CZTS-Thin-Films-Grown-by-OneStep-Electrodeposition-with-Free-Annealing-Sulfurization-for-Photovoltaic-Application_2019_Springer-New-York-LLC-barbarab.pdf,TRUE,TRUE,FALSE,FALSE,FALSE,FALSE,FALSE,Sputtering
Structural-and-optical-investigations-at-room-temperature-of-sulfurized-thermal-evaporated-Cu2ZnSnS4_2022_Springer.pdf,TRUE,TRUE,FALSE,FALSE,FALSE,FALSE,TRUE,Sputtering
Structural-and-optical-properties-of-Cu2ZnSnSe4-nanocrystals-thin-film_2024_Springer.pdf,TRUE,TRUE,FALSE,FALSE,FALSE,FALSE,TRUE,Solution
Structural-and-optical-properties-of-CZTS-nanoparticles-prepared-by-a-colloidal-process_2021_University-of-Science-and-Technology-Beijing.pdf,TRUE,TRUE,TRUE,FALSE,FALSE,FALSE,TRUE,Sputtering
Structural-and-optical-properties-of-CZTS-thin-films-deposited-by-ultrasonically-assisted-chemical-vapour-deposition_2014_Institute-of-Physics-Publishing-custservioporg.pdf,TRUE,TRUE,FALSE,FALSE,FALSE,FALSE,FALSE,Sputtering
Structural-and-optical-properties-of-sulfurized-Cu2ZnSnS-4-thin-films-from-CuZnSn-alloy-precursors_2013_Springer-Science-and-Business-Media-LLC.pdf,TRUE,TRUE,FALSE,FALSE,FALSE,FALSE,TRUE,Sputtering
Structural-and-Solar-Cell-Properties-of-a-AgContaining-Cu2ZnSnS4-Thin-Film-Derived-from-Spray-Pyrolysis_2018_American-Chemical-Society-serviceacsorg.pdf,TRUE,TRUE,FALSE,FALSE,FALSE,FALSE,TRUE,Sputtering
Structural-microstructural-and-optical-properties-of-Cu2ZnSnS4-thin-films-prepared-by-thermal-evaporation-Effect-of-substrate-temperature-and-annealing_2017_Indian-Academy-of-Sciences.pdf,TRUE,TRUE,TRUE,FALSE,TRUE,FALSE,FALSE,Sputtering
Structural-optical-and-electrical-properties-of-spraydeposited-CZTS-thin-films-under-a-nonequilibrium-growth-condition_2012_.pdf,TRUE,TRUE,FALSE,FALSE,FALSE,FALSE,TRUE,Evaporation
Structural-transition-and-band-gap-tuning-of-Cu2ZnFeSnS-4-chalcogenide-for-photovoltaic-application_2014_American-Chemical-Society-serviceacsorg.pdf,TRUE,TRUE,FALSE,FALSE,FALSE,FALSE,TRUE,Evaporation
Study-of-the-semiconducting-properties-of-Cu2ZnSnS4-thin-films-grown-by-ultrasonic-spray-pyrolysis-of-waterdissolved-precursors_2021_Springer.pdf,TRUE,TRUE,FALSE,FALSE,FALSE,FALSE,FALSE,Sputtering
Study-on-formation-and-characterization-of-kesterite-CZTSSe-thin-films-deposited-by-thermal-evaporation-technique-for-solar-cell-applications_2020_Springer.pdf,TRUE,TRUE,TRUE,FALSE,FALSE,FALSE,TRUE,Solution
Substitution-of-ag-for-cu-in-cu2znsnSse4-Toward-wide-band-gap-absorbers-with-low-antisite-defects-for-thin-film-solar-cells_2020_MDPI-AG-indexingmdpicom.pdf,TRUE,TRUE,FALSE,FALSE,FALSE,FALSE,TRUE,Solution
Substrate-and-Cu-concentrationdependent-physical-properties-of-spraydeposited-Cu2ZnSnS4-thin-films-a-comparative-study_2024_Springer.pdf,TRUE,TRUE,FALSE,FALSE,FALSE,FALSE,TRUE,Sputtering
Substrate-temperature-effect-during-the-deposition-of-CuSnCuZn-stacked-precursor-CZTS-thin-film-deposited-by-electronbeam-evaporation_2018_Springer-New-York-LLC-barbarabbertramgskcom.pdf,TRUE,TRUE,FALSE,FALSE,TRUE,FALSE,TRUE,Sputtering
Sulfurization-free-spray-deposited-kesterite-Cu2ZnSnS4-absorber-layer-for-photovoltaic-applications_2022_Springer.pdf,TRUE,TRUE,FALSE,FALSE,FALSE,FALSE,TRUE,Sputtering
Sulfurization-time-effects-on-the-growth-of-Cu2ZnSnS4-thin-films-by-solution-method_2013_.pdf,TRUE,TRUE,FALSE,FALSE,FALSE,FALSE,FALSE,Sputtering
Sulphurization-temperature-effect-on-suppressing-CuS-phase-in-kesterite-CZTS-films-grown-by-electrodeposition-method_2023_Springer.pdf,TRUE,TRUE,FALSE,FALSE,FALSE,FALSE,TRUE,Sputtering
Surface-layer-investigation-of-dual-ion-beam-sputtered-Cu2ZnSnSSe4-thin-film-for-open-circuit-voltage-improvement_2018_Institute-of-Physics-Publishing-helencravenioporg.pdf,TRUE,FALSE,FALSE,FALSE,FALSE,FALSE,FALSE,Sputtering
Surface-plasmon-enhanced-ultrathin-Cu2ZnSnS4crystallineSi-tandem-solar-cells_2023_Royal-Society-of-Chemistry.pdf,TRUE,TRUE,FALSE,FALSE,FALSE,FALSE,TRUE,Solution
Surface-TextureInduced-Enhancement-of-Optical-and-Photoelectrochemical-Activity-of-Cu2ZnSnS4-Photocathodes_2017_Springer-New-York-LLC-barbarabbertramgskcom.pdf,TRUE,TRUE,FALSE,FALSE,FALSE,FALSE,TRUE,Unknown
Surfacetreated-Cu2ZnSnS4-nanoflakes-as-Ptfree-inexpensive-and-effective-counter-electrode-in-DSSC_2020_Springer.pdf,TRUE,TRUE,FALSE,FALSE,FALSE,FALSE,TRUE,Sputtering
Synthesis-and-characterization-of-CdZnS-buffer-layer-for-Cu2ZnSnSe4-solar-cells_2017_Institute-of-Physics-Publishing-michaelrobertsioporg.pdf,TRUE,TRUE,FALSE,FALSE,FALSE,FALSE,TRUE,Sputtering
Synthesis-and-characterization-of-Cu2ZnSnS4-thin-films-by-the-sulfurization-of-coelectrodeposited-CuZnSnS-precursor-layers-for-solar-cell-applications_2014_Royal-Society-of-Chemistry.pdf,TRUE,TRUE,FALSE,FALSE,FALSE,FALSE,TRUE,Sputtering
Synthesis-and-Characterization-of-Next-Generation-Cu2Zn-xFe1xSnS4-x--0-025-05-075-and-1-Compounds_2020_Springer.pdf,TRUE,TRUE,FALSE,FALSE,FALSE,FALSE,TRUE,Solution
Synthesis-and-characterization-of-Vanadium-Vdoped-CZTS-thin-films-by-chemical-spray-pyrolysis-method-for-solar-cell-applications_2023_Springer.pdf,TRUE,TRUE,FALSE,FALSE,FALSE,FALSE,TRUE,Solution
Synthesis-and-Characterizations-of-pType-Kesterite-Ag2ZnSnS4-Thin-Films-Deposited-by-Spray-Pyrolysis_2020_Springer.pdf,TRUE,TRUE,FALSE,FALSE,FALSE,FALSE,FALSE,Sputtering
Synthesis-and-postannealing-of-Cu2ZnSnS4-absorber-layers-based-on-Oleylamine1dodecanethiol_2019_MDPI-AG-indexingmdpicom-Postfach-Basel-CH4005.pdf,TRUE,TRUE,FALSE,FALSE,FALSE,FALSE,TRUE,Solution
Synthesis-and-study-of-microstructural-optical-and-electrical-properties-of-Nadoped-Cu2ZnSnS4-thin-films-via-thermal-evaporation_2024_Springer.pdf,TRUE,TRUE,FALSE,FALSE,FALSE,FALSE,TRUE,Evaporation
Synthesis-and-surface-characterization-of-electrodeposited-quaternary-chalcogenide-Cu-2Zn-xSn-yS-1--x--2-y-thin-film-as-transparent-contact-electrode_2020_Springer.pdf,TRUE,TRUE,FALSE,FALSE,FALSE,FALSE,TRUE,Sputtering
Synthesis-of-BaZrS3-and-BaS3-Thin-Films-High-and-Low-Temperature-Approaches_2024_Multidisciplinary-Digital-Publishing-Institute-MDPI.pdf,TRUE,TRUE,FALSE,FALSE,TRUE,FALSE,TRUE,Sputtering
Synthesis-of-CdZnS-buffer-layer-and-its-impact-on-Cu2ZnSnS-Se4-thin-film-solar-cells_2022_Springer.pdf,TRUE,TRUE,FALSE,FALSE,FALSE,FALSE,TRUE,Sputtering
Synthesis-of-Copper-Zinc-Tin-Sulfide-Cu2ZnSnS4-CZTS-Nanoparticles-Doped-Material-with-High-Properties-for-CH3NH3PbI3-Perovskite-Solar-Cells_2024_Springer.pdf,TRUE,TRUE,TRUE,FALSE,TRUE,FALSE,TRUE,Solution
Synthesis-of-Cu2Zn1xCoxSnS4-nanocrystals-and-formation-of-polycrystalline-thin-films-from-their-aqueous-dispersions_2018_Royal-Society-of-Chemistry.pdf,TRUE,TRUE,FALSE,FALSE,FALSE,FALSE,TRUE,Solution
Synthesis-of-Cu2ZnSnS4-film-by-airstable-molecularprecursor-ink-for-constructing-thin-film-solar-cells_2014_Royal-Society-of-Chemistry.pdf,FALSE,TRUE,FALSE,FALSE,TRUE,TRUE,TRUE,Sputtering
Synthesis-of-Cu2ZnSnS4-thin-films-by-a-precursor-solution-paste-for-thin-film-solar-cell-applications_2013_.pdf,TRUE,TRUE,FALSE,FALSE,FALSE,FALSE,TRUE,Sputtering
Synthesis-of-Cu2ZnSnS4-thin-films-by-dipcoating-method-without-sulphurization_2013_.pdf,TRUE,TRUE,FALSE,FALSE,FALSE,FALSE,FALSE,Sputtering
Synthesis-of-Cu2ZnSnSxSe1x4-thin-films-directly-on-transparent-conductive-glass-substrates-by-solvothermal-method_2018_Springer-New-York-LLC-barbarabbertramgskcom.pdf,TRUE,TRUE,FALSE,FALSE,FALSE,FALSE,TRUE,Solution
Synthesis-of-large-CZTSe-nanoparticles-through-a-twostep-hotinjection-method_2015_Royal-Society-of-Chemistry.pdf,TRUE,TRUE,FALSE,FALSE,FALSE,FALSE,TRUE,Solution
Synthesis-of-ligandfree-CZTS-nanoparticles-via-a-facile-hot-injection-route_2016_Institute-of-Physics-Publishing-helencravenioporg.pdf,TRUE,TRUE,FALSE,FALSE,FALSE,FALSE,TRUE,Sputtering
Synthesis-of-simple-low-cost-and-benign-solgel-Cu2InXZn1-xSnS4-alloy-thin-films-Influence-of-different-rapid-thermal-annealing-conditions-and-their-photovoltaic-solar-cells_2018_Royal-Society-of-Chemistry.pdf,TRUE,TRUE,FALSE,FALSE,FALSE,FALSE,FALSE,Sputtering
Synthesis-of-simple-low-cost-and-benign-solgel-Cu2ZnSnS4-thin-films-influence-of-different-annealing-atmospheres_2015_Springer-Science-and-Business-Media-LLC.pdf,TRUE,TRUE,FALSE,FALSE,FALSE,FALSE,TRUE,Sputtering
Synthesis-optical-and-optoelectrical-analysis-of-the-Cu2CoSnS4-thin-films-as-absorber-layer-for-thinfilm-solar-cells_2020_Springer.pdf,TRUE,TRUE,FALSE,FALSE,FALSE,FALSE,FALSE,Solution
Synthetic-Control-of-Quinary-Nanocrystals-of-a-Photovoltaic-Material-The-Clear-Role-of-Chalcogen-Ratio-on-Light-Absorption-and-Charge-Transport-for-Cu2-xZn1-xSnS1-ySey4_2018_American-Chemical-Society-serviceacso.pdf,TRUE,TRUE,FALSE,FALSE,TRUE,FALSE,TRUE,Solution
Tailoring-the-Back-Contact-Properties-of-Cu2ZnSnSSe4-Thin-Film-with-MoFoil-by-Introducing-a-Transparent-CuCrO2-Buffer-Layer_2023_Springer.pdf,TRUE,TRUE,FALSE,FALSE,FALSE,FALSE,TRUE,Sputtering
Temperature-effects-on-Cu-2ZnSnS-4-CZTS-films-deposited-by-spraying-method_2012_.pdf,TRUE,TRUE,FALSE,FALSE,FALSE,FALSE,TRUE,Sputtering
The-effects-of-SnS2-secondary-phases-on-Cu2ZnSnS4-solar-cells-A-promising-mechanical-exfoliation-method-for-its-removal_2018_Royal-Society-of-Chemistry.pdf,TRUE,TRUE,TRUE,FALSE,TRUE,FALSE,TRUE,Sputtering
The-influence-of-sequence-of-precursor-films-on-CZTSe-thin-films-prepared-by-ionbeam-sputtering-deposition_2017_Institute-of-Physics-Publishing-michaelrobertsioporg.pdf,TRUE,TRUE,FALSE,FALSE,TRUE,FALSE,TRUE,Sputtering
The-optical-influence-of-Na-on-Cu2ZnSnSe4-films-deposited-with-Nacontaining-solgel-precursor_2014_.pdf,TRUE,TRUE,FALSE,FALSE,FALSE,FALSE,TRUE,Sputtering
The-phase-optimization-optical-and-electrical-properties-of-kesterite-Cu2ZnSnS4-thin-film-prepared-by-single-target-RF-magnetron-sputtering-technique-for-solar-cell-application_2019_Institute-of-Physics-Publishi.pdf,TRUE,TRUE,FALSE,FALSE,TRUE,FALSE,FALSE,Sputtering
The-Single-Phase-Region-in-Cu2ZnSnS4-Thin-Films-from-Theory-and-Combinatorial-Experiments_2018_American-Chemical-Society-serviceacsorg.pdf,TRUE,TRUE,TRUE,TRUE,TRUE,TRUE,TRUE,Sputtering
The-synthesis-and-characterization-of-Cu2ZnSnS4-thin-films-from-melt-reactions-using-xanthate-precursors_2017_Springer-New-York-LLC-barbarabbertramgskcom.pdf,TRUE,TRUE,FALSE,FALSE,FALSE,FALSE,TRUE,Sputtering
The-synthesis-of-Cu2ZnSnS4-nanoparticles-via-an-openair-solution-route-influences-of-Zn-precursor-content_2015_Kluwer-Academic-Publishers-barbarabbertramgskcom.pdf,TRUE,TRUE,FALSE,FALSE,FALSE,FALSE,TRUE,Sputtering
The-use-of-liquidphase-method-from-DMSO-solutions-for-synthesis-of-CZTS-thin-film-materials_2019_EDP-Sciences.pdf,TRUE,TRUE,FALSE,FALSE,FALSE,FALSE,TRUE,Solution
Thermal-sulfurization-effect-on-sprayed-CZTS-thin-filmsproperties-and-CZTSCdS-solar-cells-performances_2018_Institute-of-Physics-Publishing-helencravenioporg.pdf,TRUE,TRUE,FALSE,FALSE,FALSE,FALSE,FALSE,Sputtering
Thermoelectric-properties-of-CZTS-thin-films-Effect-of-CuZn-disorder_2021_Royal-Society-of-Chemistry.pdf,TRUE,TRUE,TRUE,FALSE,FALSE,FALSE,TRUE,Sputtering
ThreeDimensional-Cu2ZnSnS4-Films-with-Modified-Surface-for-ThinFilm-LithiumIon-Batteries_2015_American-Chemical-Society-serviceacsorg.pdf,TRUE,TRUE,FALSE,FALSE,FALSE,FALSE,TRUE,Sputtering
Towards-phase-pure-CZTS-thin-films-by-SILAR-method-with-augmented-Zn-adsorption-for-photovoltaic-applications_2019_SpringerOpen.pdf,TRUE,TRUE,FALSE,FALSE,FALSE,FALSE,TRUE,Sputtering
Transformations-and-Environmental-Impacts-of-Copper-Zinc-Tin-Sulfide-Nanoparticles-and-Thin-Films_2023_American-Chemical-Society.pdf,TRUE,TRUE,TRUE,FALSE,FALSE,FALSE,TRUE,Solution
Transmittance-Spectra-of-Cu2ZnSnS4-Thin-Films_2015_Springer-New-York-LLC.pdf,TRUE,TRUE,FALSE,FALSE,TRUE,FALSE,TRUE,Sputtering
Tuning-Band-Alignment-at-Grain-Boundaries-for-Efficiency-Enhancement-in-Cu2ZnSnS4-Solar-Cells_2023_American-Chemical-Society.pdf,TRUE,TRUE,FALSE,FALSE,FALSE,FALSE,FALSE,Sputtering
Tuning-bandgap-of-ptype-Cu2ZnSn-GeS-Se4-semiconductor-thin-films-via-aqueous-polymerassisted-deposition_2017_American-Chemical-Society.pdf,TRUE,TRUE,FALSE,FALSE,FALSE,FALSE,FALSE,Sputtering
Tuning-the-Band-Gap-of-Cu2ZnSnSSe4-Thin-Films-via-Lithium-Alloying_2016_American-Chemical-Society-serviceacsorg.pdf,TRUE,TRUE,FALSE,FALSE,FALSE,FALSE,TRUE,Sputtering
Tuning-the-Properties-of-CZTS-Films-by-Controlling-the-Process-Parameters-in-CostEffective-Nonvacuum-Technique_2018_Springer-New-York-LLC-barbarabbertramgskcom.pdf,TRUE,TRUE,FALSE,FALSE,TRUE,FALSE,TRUE,Sputtering
Tuning-the-Se-Content-in-Cu2ZnSnS-Se4-Absorber-to-Achieve-97-Solar-Cell-Efficiency-from-a-ThiolAmineBased-Solution-Process_2018_American-Chemical-Society-serviceacsorg.pdf,TRUE,TRUE,FALSE,FALSE,FALSE,FALSE,TRUE,Sputtering
UltrahighPerformance-Cu2ZnSnS4-Thin-Film-and-Its-Application-in-Microscale-ThinFilm-LithiumIon-Battery-Comparison-with-SnO2_2016_American-Chemical-Society-serviceacsorg.pdf,TRUE,TRUE,FALSE,FALSE,FALSE,FALSE,TRUE,Sputtering
Ultrasonic-spray-coating-of-kesterite-CZTS-films-from-molecular-inks_2023_Springer-Science-and-Business-Media-Deutschland-GmbH.pdf,TRUE,TRUE,FALSE,FALSE,FALSE,FALSE,TRUE,Solution
Understanding-the-Effects-of-PostDeposition-Sequential-Annealing-on-the-Physical-and-Chemical-Properties-of-Cu2ZnSnSe4-Thin-Films_2023_Multidisciplinary-Digital-Publishing-Institute-MDPI.pdf,TRUE,TRUE,FALSE,TRUE,FALSE,FALSE,FALSE,Sputtering
Understanding-the-growth-mechanism-of-BaZrS3-chalcogenide-perovskite-thin-films-from-sulfurized-oxide-precursors_2023_Institute-of-Physics.pdf,TRUE,TRUE,FALSE,FALSE,FALSE,FALSE,TRUE,Unknown
Unveiling-the-structural-and-electrical-features-of-AlpCZTS-thin-film-schottky-structure-for-photovoltaic-application-a-comparative-parameter-extraction-study_2024_Springer-Science-and-Business-Media-Deutschland.pdf,TRUE,FALSE,FALSE,FALSE,FALSE,FALSE,TRUE,Solution
Visible-light-driven-CZTS-QDsFe2O3graphene-pn-heterojunction-for-photoelectrochemical-water-splitting_2023_Institute-of-Physics.pdf,TRUE,FALSE,FALSE,FALSE,FALSE,FALSE,TRUE,Solution
Voc-Boosting-and-Grain-Growth-Enhancing-GeDoping-Strategy-for-Cu2ZnSnSe4-Photovoltaic-Absorbers_2016_American-Chemical-Society-serviceacsorg.pdf,TRUE,TRUE,FALSE,FALSE,FALSE,FALSE,TRUE,Sputtering
Wide-bandgap-CuZnSnS-compound-thin-films-for-transparent-semiconductors_2022_Taylor-and-Francis-Ltd.pdf,FALSE,TRUE,FALSE,FALSE,FALSE,FALSE,TRUE,Sputtering
wxAMPS-theoretical-study-of-the-bandgap-structure-of-CZTS-thin-film-to-improve-the-device-performance_2021_Springer-Verlag.pdf,TRUE,FALSE,FALSE,FALSE,FALSE,FALSE,FALSE,Sputtering
XRD-AFM-DRS-and-Photosensitivity-of-CZTSe-Thin-Films-Prepared-by-Vacuum-Evaporation-Method_2019_Springer-International-Publishing.pdf,TRUE,TRUE,FALSE,FALSE,FALSE,FALSE,FALSE,Sputtering
Zinc-molarity-effect-on-Cu2ZnSnS4-thin-film-properties-prepared-by-spray-pyrolysis_2018_Springer-New-York-LLC-barbarabbertramgskcom.pdf,TRUE,TRUE,FALSE,FALSE,FALSE,FALSE,FALSE,Sputtering
Zn1xMgxO-thin-films-as-a-sustainable-layer-for-CZTSSe-solar-cells_2025_Institute-of-Physics.pdf,FALSE,TRUE,FALSE,FALSE,FALSE,FALSE,TRUE,Sputtering
